<?xml version="1.0" encoding="UTF-8"?>
<InvocationInterface xmlns="http://www.profibus.com/TCI/2006/03/TPF" xmlns:xsi="http://www.w3.org/2001/XMLSchema-instance" xmlns:prim="http://www.profibus.com/TCI/2006/03/Primitives" xsi:schemaLocation="http://www.profibus.com/TCI/2006/03/TPF TCI-TPF-V1.1.xsd">
	<prim:DocumentInfo Version="1.1"/>
	<ConformanceClass Name="C3"><OptionalFeature Name="CsSupportsRouting"/><OptionalFeature Name="CsSupportsStandAloneMode"/></ConformanceClass><General CurrentLanguage="es" SelectedEntryPoint="1" ProjectRelatedPath="D:\OTIS\OTI721\Automatismo\050812v5\Global\SEW-EURODRIVE\MOVITOOLS MotionStudio" SchemaPath="c:\siemens\step7\S7TCI" CommServer-ProgID="TCI.SimaticCommunicationServer" DisplayNameES="STEP 7 " PlcID="{560E7760-96CB-4D50-AE35-AAE77E2AF59F}" PlcName="IM151-8 PN/DP CPU"/><SubsystemList><SubsystemItem ID="{A411D893-3D16-48A8-A0B2-921C3295E78B}{001417B3-FFFFFFFD-00000000-00000000-00000000-00000000}" Name="Ethernet(1): Réseau IO PROFINET (100)" BusCategory="DFC98364-DAB8-493B-BB92-23B3F92FEBCD"><DeviceList><DeviceItem DeviceReference="{7B588EB6-FD4A-4E06-92DB-56EECDA04C08}{001417C3-0000003F-001417B3-00000002-00112001-0000000C}{JIGBox}" DeviceCommReference="{001417C3-0000003F-001417B3-00000002-00112001-00000083}" Name="SEW" IsSelected="true"><ParameterList><ParameterItem Name="NameOfStation" Value="SEW"/><ParameterItem Name="IPAddress" Value="172.25.214.4"/><ParameterItem Name="SubnetMask" Value="255.255.252.0"/><ParameterItem Name="DefaultGateway" Value="0.0.0.0"/><ParameterItem Name="IdentNumber" Value="0x0001"/><ParameterItem Name="VendorID" Value="0x010A"/><ParameterItem Name="ObjectUUID_LocalIndex" Value="1"/><ParameterItem Name="UsedConfigFile" Value="C:\Siemens\Step7\S7data\gsd\GSDML-V2.1-SEW-DFE-DFS-2Ports-20070428.xml"/></ParameterList><ModuleList><ModuleItem ModuleReference="{05452B16-D1EC-4866-A4F1-FDA32A7E453C}{001417C5-00000044-001417C3-0000003F-00112001-0000000C}{JIGBox}" Name="Slot not used" IsSelected="false"><ParameterList><ParameterItem Name="Slot" Value="1"/><ParameterItem Name="IdentNumber" Value="0x000000FF"/><ParameterItem Name="API" Value="0"/></ParameterList></ModuleItem><ModuleItem ModuleReference="{405C3DA1-369C-4F0B-A468-C3EBF1352429}{001417C5-00000088-001417C3-0000003F-00112001-0000000C}{JIGBox}" Name="06 process data words" IsSelected="false"><ParameterList><ParameterItem Name="Slot" Value="2"/><ParameterItem Name="IdentNumber" Value="0x0000006A"/><ParameterItem Name="API" Value="0"/><ParameterItem Name="RecordDataObject" Value="0000200800000000"/></ParameterList></ModuleItem><ModuleItem ModuleReference="{768F0F54-EE92-4AFE-A795-B24D40D8A364}{001417C4-00000040-001417C3-0000003F-00112001-0000000C}{JIGBox}" Name="SEW" IsSelected="false"><ParameterList><ParameterItem Name="Slot" Value="0"/><ParameterItem Name="IdentNumber" Value="0x00000064"/><ParameterItem Name="API" Value="0"/><ParameterItem Name="RecordDataObject" Value="0000200800000000"/></ParameterList><SubmoduleList><SubmoduleItem SubmoduleReference="{F8865232-56DD-4F0B-9962-83659A35A453}{001417ED-00000041-001417C4-00000040-00112001-0000000C}{JIGBox}" Name="Ethernet Interface" IsSelected="false"><ParameterList><ParameterItem Name="Subslot" Value="1"/><ParameterItem Name="IdentNumber" Value="0x00000001"/><ParameterItem Name="API" Value="0"/></ParameterList></SubmoduleItem><SubmoduleItem SubmoduleReference="{C4BE37B3-3B74-4284-92F8-478AE4F2409C}{001417EE-00000042-001417C4-00000040-00112001-0000000C}{JIGBox}" Name="Port 1 - RJ45 (X30)" IsSelected="false"><ParameterList><ParameterItem Name="Subslot" Value="2"/><ParameterItem Name="IdentNumber" Value="0x00000002"/><ParameterItem Name="API" Value="0"/></ParameterList></SubmoduleItem><SubmoduleItem SubmoduleReference="{9C7E777B-375A-48D6-AE17-497AD525CD64}{001417EE-00000043-001417C4-00000040-00112001-0000000C}{JIGBox}" Name="Port 2 - RJ45 (X32)" IsSelected="false"><ParameterList><ParameterItem Name="Subslot" Value="3"/><ParameterItem Name="IdentNumber" Value="0x00000003"/><ParameterItem Name="API" Value="0"/></ParameterList></SubmoduleItem></SubmoduleList></ModuleItem></ModuleList></DeviceItem></DeviceList></SubsystemItem></SubsystemList></InvocationInterface>
