<?xml version="1.0"?>
<TopologieFile Version="V5.5 + SP4" NextFreeID="338"><Step7Diagnose/><WiringTypes><WiringType ID="1" Name="Copper" Class="0"/><WiringType ID="126" Name="Lichtwellenleiter" Class="5"/><WiringType ID="127" Name="Lichtwellenleiter" Class="26"/><WiringType ID="128" Name="Lichtwellenleiter" Class="1"/><WiringType ID="129" Name="Lichtwellenleiter" Class="10"/><WiringType ID="196" Name="Lichtwellenleiter" Class="18"/><WiringType ID="197" Name="Lichtwellenleiter" Class="13"/><WiringType ID="198" Name="Lichtwellenleiter" Class="46"/><WiringType ID="199" Name="Lichtwellenleiter" Class="54"/><WiringType ID="200" Name="Lichtwellenleiter" Class="24"/><WiringType ID="201" Name="Lichtwellenleiter" Class="99"/></WiringTypes><Project ID="2" Name="CCD" ProjPath="C:\Step7prj\CDCX67_D" EnvID="49" EnvType="1122305"><UserSettings><GraphLayout InitialPosLeft="-244" InitialPosRight="192" InitialPosTop="-208" InitialPosBottom="54" SliderPos="33"/><WindowSettings ShowDeltaList="1" ShowCatalogList="1" InOnlineMode="1" SortedColumn="0" WndPosSize="187;9;1112;722" TableFilter="0" ShowStationName="1" Unit="m" SelectionIDs="63;"/><WallpaperList/><GroupList/><OptionsSettings MiniatureAndCatalogView="1" StationsAndModuleView="0" NodesListView="0"/><ColumnSettings OfflineColumns="Name;Partner;LengthOffline;Length;SignalTime;Comment;Subnet;IPAddress;" OnlineColumns="Name;State;Partner;LengthOffline;LengthOnline;Damping;Length;SignalTime;Comment;Subnet;IPAddress;"/></UserSettings><AvailableSubnetsStep7><Subnet ID="3" Name="Pilotage N2"/><Subnet ID="13" Name="Profinet"/></AvailableSubnetsStep7><AvailableDeviceTypesStep7><DeviceType ID="5" ObjType="2367507" Webable="1" Name="CP 343-1 Lean"><InterfaceType ID="9" ObjType="2367506"><PortType WiringTypeRefId="1" ID="11" ObjType="2367508"/></InterfaceType></DeviceType><DeviceType ID="7" ObjType="1314969"><GraphLayout BitMapPath="simatic300.bmp"/></DeviceType><DeviceType ID="15" ObjType="1335471" Webable="1" Name="IE General"/><DeviceType ID="17" ObjType="1315651"><GraphLayout BitMapPath="pc.bmp"/><InterfaceType ID="105" ObjType="1335378"/></DeviceType><DeviceType ID="21" ObjType="2364818" Webable="1" Name="CPU 319F-3 PN/DP"><InterfaceType ID="23" ObjType="2364815"><PortType WiringTypeRefId="1" ID="25" ObjType="2364819"/></InterfaceType></DeviceType><DeviceType ID="28" ObjType="2367561" Webable="1" Name="SCALANCE-X216"><GraphLayout BitMapPath=".\s7data\nsbmp\gsdml_002a_scalancex216.bmp"/><InterfaceType ID="30" ObjType="1316804"><PortType WiringTypeRefId="1" ID="32" ObjType="1316846"/></InterfaceType></DeviceType><DeviceType ID="49" ObjType="1316803" Webable="1" Name="KP8F"><GraphLayout BitMapPath=".\s7data\nsbmp\bebokp8f.bmp"/><InterfaceType ID="51" ObjType="1316804"><PortType WiringTypeRefId="1" ID="53" ObjType="1316846"/></InterfaceType></DeviceType><DeviceType ID="56" ObjType="2367010" Webable="1" Name="IM154-4PN"><GraphLayout BitMapPath=".\s7data\nsbmp\et200pro_f.bmp"/><InterfaceType ID="58" ObjType="2367014"><PortType WiringTypeRefId="1" ID="60" ObjType="2367016"/><PortType WiringTypeRefId="1" ID="62" ObjType="2367017"/></InterfaceType></DeviceType><DeviceType ID="68" ObjType="2364207" Webable="1" Name="IM151-3PN"><GraphLayout BitMapPath=".\s7data\nsbmp\et200s_pn.bmp"/><InterfaceType ID="70" ObjType="2364208"><PortType WiringTypeRefId="1" ID="72" ObjType="2364210"/><PortType WiringTypeRefId="1" ID="74" ObjType="2364211"/></InterfaceType></DeviceType><DeviceType ID="86" ObjType="2364362" Webable="1" Name="IM151-3PN"><GraphLayout BitMapPath=".\s7data\nsbmp\et200s_pn.bmp"/><InterfaceType ID="88" ObjType="2364363"><PortType WiringTypeRefId="1" ID="90" ObjType="2364365"/></InterfaceType></DeviceType></AvailableDeviceTypesStep7><UsedDevicesStep7><Device ID="6" Name="API" ObjID="4" IP="" DeviceTypeRefId="7"><GraphLayout XPos="-193" YPos="-156" IsExpanded="1" IsDeactivated="0"/></Device><Device ID="20" Name="PN-IO(CPU)" DiagHeader="1" ObjID="137" IP="172.25.214.1" DeviceTypeRefId="21" StationRefId="6" StationPos="2" SubnetRefId="13" SupportRTClass3="1" RTClass3Type="RT" PNControllerRefId="20" DeviceNo="0" Station="API" IsInterface="1" DeviceID="2752769" MLFB="6ES7318-3FL01-0AB0"><Interface ID="22" Name="CPU" ObjID="2" InterfaceTypeRefId="23"><Port ID="24" SlotNr="1" Name="Port 1 (X3 P1 R)" PortTypeRefId="25" ConnectionRefId="113" ObjID="854" IsRingCapable="1" IsPortAssigned="0"/><Port ID="26" SlotNr="2" Name="Port 2 (X3 P2 R)" PortTypeRefId="25" ObjID="855" IsRingCapable="1" IsPortAssigned="0"/></Interface></Device><Device ID="4" Name="PilotageN2(Pilotage N2)" DiagHeader="1" ObjID="2" IP="10.229.177.72" DeviceTypeRefId="5" StationRefId="6" StationPos="4" SubnetRefId="3" DeviceNo="0" Station="API" IsInterface="1" DeviceID="2753027" MLFB="6GK7343-1CX10-0XE0"><Interface ID="8" Name="Pilotage N2" ObjID="1" InterfaceTypeRefId="9"><Port ID="10" SlotNr="1" Name="Port 1 (X1 P1 R)" PortTypeRefId="11" ObjID="242" IsRingCapable="1" IsPortAssigned="0"/><Port ID="12" SlotNr="2" Name="Port 2 (X1 P2 R)" PortTypeRefId="11" ObjID="241" IsRingCapable="1" IsPortAssigned="0"/></Interface></Device><Device ID="16" Name="MOP" ObjID="20" IP="" DeviceTypeRefId="17"><GraphLayout XPos="-193" YPos="-190" IsExpanded="1" IsDeactivated="0"/><Interface ID="104" Name="Gestionnaire de station" ObjID="3" InterfaceTypeRefId="105" ODString="00146052, 00000003, 00000000, 00000000, 00112001, 00000031, 00000000"/></Device><Device ID="14" Name="General-IE" ObjID="1" IP="172.25.212.2" DeviceTypeRefId="15" StationRefId="16" StationPos="1" SubnetRefId="13" DeviceNo="0" Station="MOP" DeviceID="2753026" MLFB="IE_CP"><Interface ID="18"><Port ID="19" SlotNr="1" Name="Default port" WiringTypeRefId="1" IsPortAssigned="0"/></Interface></Device><Device ID="27" Name="MOP-SW" ObjID="3" IP="172.25.214.2" DeviceTypeRefId="28" SubnetRefId="13" PNControllerRefId="20" SubsystemID="100" DeviceNo="2" Station="API" DeviceID="2755073" MLFB="6GK5216-0BA00-2AA3"><GraphLayout XPos="-111" YPos="-122" IsExpanded="1" IsDeactivated="0"/><Interface ID="29" Name="MOP-SW" ObjID="224" InterfaceTypeRefId="30"><Port ID="31" SlotNr="1" Name="Port 1 - RJ45 (X1 P1)" PortTypeRefId="32" ObjID="240" IsRingCapable="1" IsPortAssigned="0"/><Port ID="33" SlotNr="2" Name="Port 2 - RJ45 (X1 P2)" PortTypeRefId="32" ConnectionRefId="113" ObjID="239" IsRingCapable="1" IsPortAssigned="0"/><Port ID="34" SlotNr="3" Name="Port 3 - RJ45 (X1 P3)" PortTypeRefId="32" ConnectionRefId="114" ObjID="238" IsRingCapable="1" IsPortAssigned="0"/><Port ID="35" SlotNr="4" Name="Port 4 - RJ45 (X1 P4)" PortTypeRefId="32" ObjID="237" IsRingCapable="1" IsPortAssigned="0"/><Port ID="36" SlotNr="5" Name="Port 5 - RJ45 (X1 P5)" PortTypeRefId="32" ConnectionRefId="112" ObjID="236" IsRingCapable="1" IsPortAssigned="0"/><Port ID="37" SlotNr="6" Name="Port 6 - RJ45 (X1 P6)" PortTypeRefId="32" ObjID="235" IsRingCapable="1" IsPortAssigned="0"/><Port ID="38" SlotNr="7" Name="Port 7 - RJ45 (X1 P7)" PortTypeRefId="32" ObjID="234" IsRingCapable="1" IsPortAssigned="0"/><Port ID="39" SlotNr="8" Name="Port 8 - RJ45 (X1 P8)" PortTypeRefId="32" ObjID="233" IsRingCapable="1" IsPortAssigned="0"/><Port ID="40" SlotNr="9" Name="Port 9 - RJ45 (X1 P9)" PortTypeRefId="32" ObjID="232" IsPortAssigned="0"/><Port ID="41" SlotNr="10" Name="Port 10 - RJ45 (X1 P10)" PortTypeRefId="32" ObjID="231" IsPortAssigned="0"/><Port ID="42" SlotNr="11" Name="Port 11 - RJ45 (X1 P11)" PortTypeRefId="32" ObjID="230" IsPortAssigned="0"/><Port ID="43" SlotNr="12" Name="Port 12 - RJ45 (X1 P12)" PortTypeRefId="32" ObjID="229" IsPortAssigned="0"/><Port ID="44" SlotNr="13" Name="Port 13 - RJ45 (X1 P13)" PortTypeRefId="32" ObjID="228" IsPortAssigned="0"/><Port ID="45" SlotNr="14" Name="Port 14 - RJ45 (X1 P14)" PortTypeRefId="32" ObjID="227" IsPortAssigned="0"/><Port ID="46" SlotNr="15" Name="Port 15 - RJ45 (X1 P15)" PortTypeRefId="32" ObjID="226" IsPortAssigned="0"/><Port ID="47" SlotNr="16" Name="Port 16 - RJ45 (X1 P16)" PortTypeRefId="32" ObjID="225" IsPortAssigned="0"/></Interface></Device><Device ID="48" Name="MOP-KP8F" ObjID="880" IP="172.25.214.3" DeviceTypeRefId="49" SubnetRefId="13" SupportRTClass3="1" RTClass3Type="RT" IsSharedDevice="1" IsHeadAssignment="0" PrimaryAssignment="1" PNControllerRefId="20" SubsystemID="100" DeviceNo="3" Station="API" DeviceID="2753537" MLFB="6AV3688-3AF37-0AX0"><GraphLayout XPos="-193" YPos="-122" IsExpanded="1" IsDeactivated="0"/><Interface ID="50" Name="MOP-KP8F" ObjID="881" InterfaceTypeRefId="51"><Port ID="52" SlotNr="1" Name="Port 1 (X1 P1)" PortTypeRefId="53" ConnectionRefId="112" ObjID="883" IsRingCapable="1" IsPortAssigned="1"/><Port ID="54" SlotNr="2" Name="Port 2 (X1 P2)" PortTypeRefId="53" ObjID="884" IsRingCapable="1" IsPortAssigned="1"/></Interface></Device><Device ID="55" Name="B01IM1" ObjID="26" IP="172.25.214.26" DeviceTypeRefId="56" SubnetRefId="13" PNControllerRefId="20" SubsystemID="100" DeviceNo="26" Station="API" DeviceID="2753285" MLFB="6ES7154-4AB10-0AB0"><GraphLayout XPos="69" YPos="-88" IsExpanded="1" IsDeactivated="0"/><Interface ID="57" Name="B01IM1" ObjID="27" InterfaceTypeRefId="58"><Port ID="59" SlotNr="1" Name="Port 1 (X2 P1)" PortTypeRefId="60" ConnectionRefId="108" ObjID="29" IsPortAssigned="0"/><Port ID="61" SlotNr="2" Name="Port 2 (X2 P2)" PortTypeRefId="62" ObjID="30" IsPortAssigned="0"/></Interface></Device><Device ID="63" Name="A01IM1" ObjID="31" IP="172.25.214.21" DeviceTypeRefId="56" SubnetRefId="13" PNControllerRefId="20" SubsystemID="100" DeviceNo="21" Station="API" DeviceID="2753285" MLFB="6ES7154-4AB10-0AB0"><GraphLayout XPos="-13" YPos="-88" IsExpanded="1" IsDeactivated="0"/><Interface ID="64" Name="A01IM1" ObjID="32" InterfaceTypeRefId="58"><Port ID="65" SlotNr="1" Name="Port 1 (X2 P1)" PortTypeRefId="60" ConnectionRefId="106" ObjID="34" IsPortAssigned="0"/><Port ID="66" SlotNr="2" Name="Port 2 (X2 P2)" PortTypeRefId="62" ObjID="33" IsPortAssigned="0"/></Interface></Device><Device ID="67" Name="Z1ZB" ObjID="84" IP="172.25.214.10" DeviceTypeRefId="68" SubnetRefId="13" PNControllerRefId="20" SubsystemID="100" DeviceNo="10" Station="API" DeviceID="2753281" MLFB="6ES7151-3BA22-0AB0"><GraphLayout XPos="-95" YPos="-88" IsExpanded="1" IsDeactivated="0"/><Interface ID="69" Name="Z1ZB" ObjID="85" InterfaceTypeRefId="70"><Port ID="71" SlotNr="1" Name="Port 1 (X1 P1)" PortTypeRefId="72" ConnectionRefId="115" ObjID="87" IsPortAssigned="0"/><Port ID="73" SlotNr="2" Name="Port 2 (X1 P2)" PortTypeRefId="74" ObjID="88" IsPortAssigned="0"/></Interface></Device><Device ID="75" Name="Z1SW" ObjID="1" IP="172.25.214.11" DeviceTypeRefId="28" SubnetRefId="13" PNControllerRefId="20" SubsystemID="100" DeviceNo="11" Station="API" DeviceID="2755073" MLFB="6GK5208-0BA10-2AA3"><GraphLayout XPos="-193" YPos="-88" IsExpanded="1" IsDeactivated="0"/><Interface ID="76" Name="Z1SW" ObjID="215" InterfaceTypeRefId="30"><Port ID="77" SlotNr="1" Name="Port 1 - RJ45 (X1 P1)" PortTypeRefId="32" ConnectionRefId="114" ObjID="223" IsRingCapable="1" IsPortAssigned="0"/><Port ID="78" SlotNr="2" Name="Port 2 - RJ45 (X1 P2)" PortTypeRefId="32" ConnectionRefId="115" ObjID="222" IsRingCapable="1" IsPortAssigned="0"/><Port ID="79" SlotNr="3" Name="Port 3 - RJ45 (X1 P3)" PortTypeRefId="32" ConnectionRefId="107" ObjID="221" IsRingCapable="1" IsPortAssigned="0"/><Port ID="80" SlotNr="4" Name="Port 4 - RJ45 (X1 P4)" PortTypeRefId="32" ObjID="220" IsRingCapable="1" IsPortAssigned="0"/><Port ID="81" SlotNr="5" Name="Port 5 - RJ45 (X1 P5)" PortTypeRefId="32" ConnectionRefId="109" ObjID="219" IsRingCapable="1" IsPortAssigned="0"/><Port ID="82" SlotNr="6" Name="Port 6 - RJ45 (X1 P6)" PortTypeRefId="32" ObjID="218" IsRingCapable="1" IsPortAssigned="0"/><Port ID="83" SlotNr="7" Name="Port 7 - RJ45 (X1 P7)" PortTypeRefId="32" ConnectionRefId="111" ObjID="217" IsRingCapable="1" IsPortAssigned="0"/><Port ID="84" SlotNr="8" Name="Port 8 - RJ45 (X1 P8)" PortTypeRefId="32" ObjID="216" IsRingCapable="1" IsPortAssigned="0"/></Interface></Device><Device ID="85" Name="B0SB" ObjID="67" IP="172.25.214.25" DeviceTypeRefId="86" SubnetRefId="13" SupportRTClass3="1" RTClass3Type="RT" PNControllerRefId="20" SubsystemID="100" DeviceNo="25" Station="API" DeviceID="2753281" MLFB="6ES7151-3BA23-0AB0"><GraphLayout XPos="53" YPos="-54" IsExpanded="1" IsDeactivated="0"/><Interface ID="87" Name="B0SB" ObjID="68" InterfaceTypeRefId="88"><Port ID="89" SlotNr="1" Name="Port 1 (X1 P1)" PortTypeRefId="90" ConnectionRefId="109" ObjID="33" IsPortAssigned="0"/><Port ID="91" SlotNr="2" Name="Port 2 (X1 P2)" PortTypeRefId="90" ConnectionRefId="108" ObjID="32" IsPortAssigned="0"/></Interface></Device><Device ID="92" Name="A0SB" ObjID="70" IP="172.25.214.20" DeviceTypeRefId="68" SubnetRefId="13" PNControllerRefId="20" SubsystemID="100" DeviceNo="20" Station="API" DeviceID="2753281" MLFB="6ES7151-3BA22-0AB0"><GraphLayout XPos="-29" YPos="-54" IsExpanded="1" IsDeactivated="0"/><Interface ID="93" Name="A0SB" ObjID="71" InterfaceTypeRefId="70"><Port ID="94" SlotNr="1" Name="Port 1 (X1 P1)" PortTypeRefId="72" ConnectionRefId="107" ObjID="73" IsPortAssigned="0"/><Port ID="95" SlotNr="2" Name="Port 2 (X1 P2)" PortTypeRefId="74" ConnectionRefId="106" ObjID="74" IsPortAssigned="0"/></Interface></Device><Device ID="96" Name="C0SB" ObjID="78" IP="172.25.214.30" DeviceTypeRefId="86" SubnetRefId="13" SupportRTClass3="1" RTClass3Type="RT" PNControllerRefId="20" SubsystemID="100" DeviceNo="30" Station="API" DeviceID="2753281" MLFB="6ES7151-3BA23-0AB0"><GraphLayout XPos="-111" YPos="-54" IsExpanded="1" IsDeactivated="0"/><Interface ID="97" Name="C0SB" ObjID="79" InterfaceTypeRefId="88"><Port ID="98" SlotNr="1" Name="Port 1 (X1 P1)" PortTypeRefId="90" ConnectionRefId="111" ObjID="36" IsPortAssigned="0"/><Port ID="99" SlotNr="2" Name="Port 2 (X1 P2)" PortTypeRefId="90" ConnectionRefId="110" ObjID="37" IsPortAssigned="0"/></Interface></Device><Device ID="100" Name="C01IM1" ObjID="41" IP="172.25.214.31" DeviceTypeRefId="56" SubnetRefId="13" PNControllerRefId="20" SubsystemID="100" DeviceNo="31" Station="API" DeviceID="2753285" MLFB="6ES7154-4AB10-0AB0"><GraphLayout XPos="-193" YPos="-54" IsExpanded="1" IsDeactivated="0"/><Interface ID="101" Name="C01IM1" ObjID="42" InterfaceTypeRefId="58"><Port ID="102" SlotNr="1" Name="Port 1 (X2 P1)" PortTypeRefId="60" ConnectionRefId="110" ObjID="44" IsPortAssigned="0"/><Port ID="103" SlotNr="2" Name="Port 2 (X2 P2)" PortTypeRefId="62" ObjID="43" IsPortAssigned="0"/></Interface></Device></UsedDevicesStep7><ConnectionList><Connection ID="113" PortToPortLength="100000" PortToPortDelay="600"><Comment></Comment></Connection><Connection ID="114" PortToPortLength="100000" PortToPortDelay="600"><Comment></Comment></Connection><Connection ID="112" PortToPortLength="100000" PortToPortDelay="600"><Comment></Comment></Connection><Connection ID="108" PortToPortLength="100000" PortToPortDelay="600"><Comment></Comment></Connection><Connection ID="106" PortToPortLength="100000" PortToPortDelay="600"><Comment></Comment></Connection><Connection ID="115" PortToPortLength="100000" PortToPortDelay="600"><Comment></Comment></Connection><Connection ID="107" PortToPortLength="100000" PortToPortDelay="600"><Comment></Comment></Connection><Connection ID="109" PortToPortLength="100000" PortToPortDelay="600"><Comment></Comment></Connection><Connection ID="111" PortToPortLength="100000" PortToPortDelay="600"><Comment></Comment></Connection><Connection ID="110" PortToPortLength="100000" PortToPortDelay="600"><Comment></Comment></Connection></ConnectionList></Project></TopologieFile>
