<?xml version="1.0"?>
<TopologieFile Version="V5.5 + SP2" NextFreeID="343"><Step7Diagnose/><WiringTypes><WiringType ID="1" Name="Copper" Class="0"/><WiringType ID="192" Name="Lichtwellenleiter" Class="18"/><WiringType ID="193" Name="Lichtwellenleiter" Class="13"/><WiringType ID="194" Name="Lichtwellenleiter" Class="46"/><WiringType ID="195" Name="Lichtwellenleiter" Class="54"/><WiringType ID="196" Name="Lichtwellenleiter" Class="24"/><WiringType ID="197" Name="Lichtwellenleiter" Class="99"/></WiringTypes><Project ID="2" Name="ARF1" ProjPath="C:\Step7prj\ARF1" EnvID="50" EnvType="1122305"><UserSettings><GraphLayout InitialPosLeft="-252" InitialPosRight="240" InitialPosTop="-229" InitialPosBottom="107" SliderPos="38"/><WindowSettings ShowDeltaList="1" ShowCatalogList="1" InOnlineMode="1" SortedColumn="0" WndPosSize="64;39;900;661" TableFilter="0" ShowStationName="1" Unit="m" SelectionIDs="171;"/><WallpaperList/><GroupList/><OptionsSettings MiniatureAndCatalogView="1" StationsAndModuleView="0" NodesListView="0"/></UserSettings><AvailableSubnetsStep7><Subnet ID="3" Name="Pilotage N2"/><Subnet ID="13" Name="IHM-sauvegarde N1"/><Subnet ID="24" Name="Profinet"/></AvailableSubnetsStep7><AvailableDeviceTypesStep7><DeviceType ID="5" ObjType="2367507" Webable="1" Name="CP 343-1 Lean"><InterfaceType ID="9" ObjType="2367506"><PortType WiringTypeRefId="1" ID="11" ObjType="2367508"/></InterfaceType></DeviceType><DeviceType ID="7" ObjType="1314969"><GraphLayout BitMapPath="simatic300.bmp"/></DeviceType><DeviceType ID="15" ObjType="1335367" Webable="1" Name="IE General"/><DeviceType ID="17" ObjType="1315651"><GraphLayout BitMapPath="pc.bmp"/><InterfaceType ID="199" ObjType="1335378"/></DeviceType><DeviceType ID="26" ObjType="2364836" Webable="1" Name="IM151-3PN"><GraphLayout BitMapPath=".\s7data\nsbmp\et200s1n.bmp"/><InterfaceType ID="28" ObjType="2364837"><PortType WiringTypeRefId="1" ID="30" ObjType="2364839"/></InterfaceType></DeviceType><DeviceType ID="33" ObjType="1316803" Webable="1" Name="SCALANCE-X208"><GraphLayout BitMapPath=".\s7data\nsbmp\gsdml_002a_scalancex208.bmp"/><InterfaceType ID="35" ObjType="1316804"><PortType WiringTypeRefId="1" ID="37" ObjType="1316846"/></InterfaceType></DeviceType><DeviceType ID="51" ObjType="1316803" Webable="1" Name="SCALANCE-X208"><GraphLayout BitMapPath=".\s7data\nsbmp\gsdml_002a_scalancex208.bmp"/><InterfaceType ID="53" ObjType="1316804"><PortType WiringTypeRefId="1" ID="55" ObjType="1316846"/></InterfaceType></DeviceType><DeviceType ID="65" ObjType="2364832" Webable="1" Name="IM151-3PN"><GraphLayout BitMapPath=".\s7data\nsbmp\et200s1n.bmp"/><InterfaceType ID="67" ObjType="2364833"><PortType WiringTypeRefId="1" ID="69" ObjType="2364835"/></InterfaceType></DeviceType><DeviceType ID="72" ObjType="2364818" Webable="1" Name="CPU 319F-3 PN/DP"><InterfaceType ID="74" ObjType="2364815"><PortType WiringTypeRefId="1" ID="76" ObjType="2364819"/></InterfaceType></DeviceType><DeviceType ID="79" ObjType="1316803" Webable="1" Name="SCALANCE-X216"><GraphLayout BitMapPath=".\s7data\nsbmp\gsdml_002a_scalancex216.bmp"/><InterfaceType ID="81" ObjType="1316804"><PortType WiringTypeRefId="1" ID="83" ObjType="1316846"/></InterfaceType></DeviceType><DeviceType ID="104" ObjType="2367010" Webable="1" Name="IM154-4PN"><GraphLayout BitMapPath=".\s7data\nsbmp\et200pro_f.bmp"/><InterfaceType ID="106" ObjType="2367014"><PortType WiringTypeRefId="1" ID="108" ObjType="2367016"/><PortType WiringTypeRefId="1" ID="110" ObjType="2367017"/></InterfaceType></DeviceType></AvailableDeviceTypesStep7><UsedDevicesStep7><Device ID="6" Name="API" ObjID="1" IP="" DeviceTypeRefId="7"><GraphLayout XPos="-165" YPos="-224"/></Device><Device ID="71" Name="PN-IO(CPU)" DiagHeader="1" ObjID="236" IP="172.25.214.1" DeviceTypeRefId="72" StationRefId="6" StationPos="2" SubnetRefId="24" SupportRTClass3="1" RTClass3Type="RT" PNControllerRefId="71" DeviceNo="0" Station="API" IsInterface="1" DeviceID="2752769" MLFB="6ES7318-3FL01-0AB0"><Interface ID="73" Name="CPU" ObjID="4" InterfaceTypeRefId="74"><Port ID="75" SlotNr="1" Name="Port 1 (X3 P1 R)" PortTypeRefId="76" ConnectionRefId="86" ObjID="640" IsRingCapable="1" IsPortAssigned="0"/><Port ID="77" SlotNr="2" Name="Port 2 (X3 P2 R)" PortTypeRefId="76" ObjID="641" IsRingCapable="1" IsPortAssigned="0"/></Interface></Device><Device ID="20" Name="CP1(Ethernet IHM-Sauvegarde)" DiagHeader="1" ObjID="11" IP="172.25.212.10" DeviceTypeRefId="5" StationRefId="6" StationPos="4" SubnetRefId="13" DeviceNo="0" Station="API" IsInterface="1" DeviceID="2753027" MLFB="6GK7343-1CX10-0XE0"><Interface ID="21" Name="Ethernet IHM-Sauvegarde" ObjID="10" InterfaceTypeRefId="9"><Port ID="22" SlotNr="1" Name="Port 1 (X1 P1 R)" PortTypeRefId="11" ConnectionRefId="84" ObjID="646" IsRingCapable="1" IsPortAssigned="0"/><Port ID="23" SlotNr="2" Name="Port 2 (X1 P2 R)" PortTypeRefId="11" ObjID="647" IsRingCapable="1" IsPortAssigned="0"/></Interface></Device><Device ID="4" Name="CP2(Ethernet Pilotage N2)" DiagHeader="1" ObjID="13" IP="10.187.10.233" DeviceTypeRefId="5" StationRefId="6" StationPos="5" SubnetRefId="3" DeviceNo="0" Station="API" IsInterface="1" DeviceID="2753027" MLFB="6GK7343-1CX10-0XE0"><Interface ID="8" Name="Ethernet Pilotage N2" ObjID="12" InterfaceTypeRefId="9"><Port ID="10" SlotNr="1" Name="Port 1 (X1 P1 R)" PortTypeRefId="11" ObjID="648" IsRingCapable="1" IsPortAssigned="0"/><Port ID="12" SlotNr="2" Name="Port 2 (X1 P2 R)" PortTypeRefId="11" ObjID="649" IsRingCapable="1" IsPortAssigned="0"/></Interface></Device><Device ID="16" Name="MOP" ObjID="43" IP="" DeviceTypeRefId="17"><GraphLayout XPos="-247" YPos="-224"/><Interface ID="198" Name="Gestionnaire de station" ObjID="15" InterfaceTypeRefId="199" ODString="00146052, 0000000f, 00000000, 00000000, 00112001, 00000032, 00000000"/></Device><Device ID="14" Name="IE General" ObjID="16" IP="172.25.212.2" DeviceTypeRefId="15" StationRefId="16" StationPos="1" SubnetRefId="13" Station="MOP" DeviceID="0" MLFB="IE_CP"><Interface ID="18"><Port ID="19" Name="Default port" WiringTypeRefId="1" IsPortAssigned="0"/></Interface></Device><Device ID="25" Name="Z1ZB" ObjID="273" IP="172.25.214.10" DeviceTypeRefId="26" SubnetRefId="24" SupportRTClass3="1" RTClass3Type="RT" IsSharedDevice="1" IsHeadAssignment="0" PrimaryAssignment="1" PNControllerRefId="71" SubsystemID="100" DeviceNo="10" Station="API" DeviceID="2753281" MLFB="6ES7151-3BA23-0AB0"><GraphLayout XPos="-247" YPos="-54"/><Interface ID="27" Name="Z1ZB" ObjID="274" InterfaceTypeRefId="28"><Port ID="29" SlotNr="1" Name="Port 1 (X1 P1 R)" PortTypeRefId="30" ObjID="27" IsRingCapable="1" IsPortAssigned="1" ConnectionRefId="342"/><Port ID="31" SlotNr="2" Name="Port 2 (X1 P2 R)" PortTypeRefId="30" ConnectionRefId="38" ObjID="28" IsRingCapable="1" IsPortAssigned="1"/></Interface></Device><Device ID="32" Name="Z1SW" ObjID="680" IP="172.25.214.11" DeviceTypeRefId="33" SubnetRefId="24" PNControllerRefId="71" SubsystemID="100" DeviceNo="11" Station="API" DeviceID="2755073" MLFB="6GK5208-0BA10-2AA3"><GraphLayout XPos="-165" YPos="-54"/><Interface ID="34" Name="Z1SW" ObjID="681" InterfaceTypeRefId="35"><Port ID="36" SlotNr="1" Name="Port 1 - RJ45 (X1 P1)" PortTypeRefId="37" ConnectionRefId="38" ObjID="689" IsRingCapable="1" IsPortAssigned="0"/><Port ID="39" SlotNr="2" Name="Port 2 - RJ45 (X1 P2)" PortTypeRefId="37" ObjID="688" IsRingCapable="1" IsPortAssigned="0" ConnectionRefId="335"/><Port ID="40" SlotNr="3" Name="Port 3 - RJ45 (X1 P3)" PortTypeRefId="37" ObjID="687" IsRingCapable="1" IsPortAssigned="0" ConnectionRefId="336"/><Port ID="41" SlotNr="4" Name="Port 4 - RJ45 (X1 P4)" PortTypeRefId="37" ObjID="686" IsRingCapable="1" IsPortAssigned="0" ConnectionRefId="337"/><Port ID="42" SlotNr="5" Name="Port 5 - RJ45 (X1 P5)" PortTypeRefId="37" ConnectionRefId="161" ObjID="685" IsRingCapable="1" IsPortAssigned="0"/><Port ID="43" SlotNr="6" Name="Port 6 - RJ45 (X1 P6)" PortTypeRefId="37" ObjID="684" IsRingCapable="1" IsPortAssigned="0"/><Port ID="44" SlotNr="7" Name="Port 7 - RJ45 (X1 P7)" PortTypeRefId="37" ObjID="683" IsRingCapable="1" IsPortAssigned="0"/><Port ID="45" SlotNr="8" Name="Port 8 - RJ45 (X1 P8)" PortTypeRefId="37" ObjID="682" IsRingCapable="1" IsPortAssigned="0"/></Interface></Device><Device ID="46" Name="Z2ZB" ObjID="276" IP="172.25.214.12" DeviceTypeRefId="26" SubnetRefId="24" SupportRTClass3="1" RTClass3Type="RT" IsSharedDevice="1" IsHeadAssignment="0" PrimaryAssignment="1" PNControllerRefId="71" SubsystemID="100" DeviceNo="12" Station="API" DeviceID="2753281" MLFB="6ES7151-3BA23-0AB0"><GraphLayout XPos="-67" YPos="-54"/><Interface ID="47" Name="Z2ZB" ObjID="277" InterfaceTypeRefId="28"><Port ID="48" SlotNr="1" Name="Port 1 (X1 P1 R)" PortTypeRefId="30" ObjID="29" IsRingCapable="1" IsPortAssigned="1" ConnectionRefId="341"/><Port ID="49" SlotNr="2" Name="Port 2 (X1 P2 R)" PortTypeRefId="30" ConnectionRefId="56" ObjID="30" IsRingCapable="1" IsPortAssigned="1"/></Interface></Device><Device ID="50" Name="Z2SW" ObjID="669" IP="172.25.214.13" DeviceTypeRefId="51" SubnetRefId="24" PNControllerRefId="71" SubsystemID="100" DeviceNo="13" Station="API" DeviceID="2755073" MLFB="6GK5208-0BA10-2AA3"><GraphLayout XPos="15" YPos="-54"/><Interface ID="52" Name="Z2SW" ObjID="670" InterfaceTypeRefId="53"><Port ID="54" SlotNr="1" Name="Port 1 - RJ45 (X1 P1)" PortTypeRefId="55" ConnectionRefId="56" ObjID="678" IsRingCapable="1" IsPortAssigned="0"/><Port ID="57" SlotNr="2" Name="Port 2 - RJ45 (X1 P2)" PortTypeRefId="55" ObjID="677" IsRingCapable="1" IsPortAssigned="0" ConnectionRefId="338"/><Port ID="58" SlotNr="3" Name="Port 3 - RJ45 (X1 P3)" PortTypeRefId="55" ObjID="676" IsRingCapable="1" IsPortAssigned="0" ConnectionRefId="339"/><Port ID="59" SlotNr="4" Name="Port 4 - RJ45 (X1 P4)" PortTypeRefId="55" ObjID="675" IsRingCapable="1" IsPortAssigned="0" ConnectionRefId="340"/><Port ID="60" SlotNr="5" Name="Port 5 - RJ45 (X1 P5)" PortTypeRefId="55" ConnectionRefId="122" ObjID="674" IsRingCapable="1" IsPortAssigned="0"/><Port ID="61" SlotNr="6" Name="Port 6 - RJ45 (X1 P6)" PortTypeRefId="55" ObjID="673" IsRingCapable="1" IsPortAssigned="0"/><Port ID="62" SlotNr="7" Name="Port 7 - RJ45 (X1 P7)" PortTypeRefId="55" ObjID="672" IsRingCapable="1" IsPortAssigned="0"/><Port ID="63" SlotNr="8" Name="Port 8 - RJ45 (X1 P8)" PortTypeRefId="55" ObjID="671" IsRingCapable="1" IsPortAssigned="0"/></Interface></Device><Device ID="64" Name="Z1MOP" ObjID="21" IP="172.25.214.3" DeviceTypeRefId="65" SubnetRefId="24" SupportRTClass3="1" RTClass3Type="RT" IsSharedDevice="1" IsHeadAssignment="0" PrimaryAssignment="1" PNControllerRefId="71" SubsystemID="100" DeviceNo="3" Station="API" DeviceID="2753281" MLFB="6ES7151-3AA23-0AB0"><GraphLayout XPos="-247" YPos="-278"/><Interface ID="66" Name="Z1MOP" ObjID="22" InterfaceTypeRefId="67"><Port ID="68" SlotNr="1" Name="Port 1 (X1 P1 R)" PortTypeRefId="69" ObjID="1" IsRingCapable="1" IsPortAssigned="1"/><Port ID="70" SlotNr="2" Name="Port 2 (X1 P2 R)" PortTypeRefId="69" ObjID="2" IsRingCapable="1" IsPortAssigned="1"/></Interface></Device><Device ID="78" Name="MOP-SW" ObjID="650" IP="172.25.214.2" DeviceTypeRefId="79" SubnetRefId="24" PNControllerRefId="71" SubsystemID="100" DeviceNo="2" Station="API" DeviceID="2755073" MLFB="6GK5216-0BA00-2AA3"><GraphLayout XPos="-247" YPos="-88"/><Interface ID="80" Name="MOP-SW" ObjID="651" InterfaceTypeRefId="81"><Port ID="82" SlotNr="1" Name="Port 1 - RJ45 (X1 P1)" PortTypeRefId="83" ConnectionRefId="84" ObjID="667" IsPortAssigned="0"/><Port ID="85" SlotNr="2" Name="Port 2 - RJ45 (X1 P2)" PortTypeRefId="83" ConnectionRefId="86" ObjID="666" IsPortAssigned="0"/><Port ID="87" SlotNr="3" Name="Port 3 - RJ45 (X1 P3)" PortTypeRefId="83" ObjID="665" IsPortAssigned="0"/><Port ID="88" SlotNr="4" Name="Port 4 - RJ45 (X1 P4)" PortTypeRefId="83" ObjID="664" IsPortAssigned="0" ConnectionRefId="341"/><Port ID="90" SlotNr="5" Name="Port 5 - RJ45 (X1 P5)" PortTypeRefId="83" ObjID="663" IsPortAssigned="0"/><Port ID="91" SlotNr="6" Name="Port 6 - RJ45 (X1 P6)" PortTypeRefId="83" ObjID="662" IsPortAssigned="0"/><Port ID="92" SlotNr="7" Name="Port 7 - RJ45 (X1 P7)" PortTypeRefId="83" ObjID="661" IsPortAssigned="0" ConnectionRefId="342"/><Port ID="94" SlotNr="8" Name="Port 8 - RJ45 (X1 P8)" PortTypeRefId="83" ObjID="660" IsPortAssigned="0"/><Port ID="95" SlotNr="9" Name="Port 9 - RJ45 (X1 P9)" PortTypeRefId="83" ObjID="659" IsPortAssigned="0"/><Port ID="96" SlotNr="10" Name="Port 10 - RJ45 (X1 P10)" PortTypeRefId="83" ObjID="658" IsPortAssigned="0"/><Port ID="97" SlotNr="11" Name="Port 11 - RJ45 (X1 P11)" PortTypeRefId="83" ObjID="657" IsPortAssigned="0"/><Port ID="98" SlotNr="12" Name="Port 12 - RJ45 (X1 P12)" PortTypeRefId="83" ObjID="656" IsPortAssigned="0"/><Port ID="99" SlotNr="13" Name="Port 13 - RJ45 (X1 P13)" PortTypeRefId="83" ObjID="655" IsPortAssigned="0"/><Port ID="100" SlotNr="14" Name="Port 14 - RJ45 (X1 P14)" PortTypeRefId="83" ObjID="654" IsPortAssigned="0"/><Port ID="101" SlotNr="15" Name="Port 15 - RJ45 (X1 P15)" PortTypeRefId="83" ObjID="653" IsPortAssigned="0"/><Port ID="102" SlotNr="16" Name="Port 16 - RJ45 (X1 P16)" PortTypeRefId="83" ObjID="652" IsPortAssigned="0"/></Interface></Device><Device ID="103" Name="H0IM1" ObjID="66" IP="172.25.214.39" DeviceTypeRefId="104" SubnetRefId="24" PNControllerRefId="71" SubsystemID="100" DeviceNo="39" Station="API" DeviceID="2753285" MLFB="6ES7154-4AB10-0AB0"><GraphLayout XPos="-77" YPos="-88"/><Interface ID="105" Name="H0IM1" ObjID="67" InterfaceTypeRefId="106"><Port ID="107" SlotNr="1" Name="Port 1 (X2 P1)" PortTypeRefId="108" ConnectionRefId="124" ObjID="69" IsPortAssigned="0"/><Port ID="109" SlotNr="2" Name="Port 2 (X2 P2)" PortTypeRefId="110" ConnectionRefId="190" ObjID="68" IsPortAssigned="0"/></Interface></Device><Device ID="111" Name="G0IM1" ObjID="71" IP="172.25.214.38" DeviceTypeRefId="104" SubnetRefId="24" PNControllerRefId="71" SubsystemID="100" DeviceNo="38" Station="API" DeviceID="2753285" MLFB="6ES7154-4AB10-0AB0"><GraphLayout XPos="5" YPos="-88"/><Interface ID="112" Name="G0IM1" ObjID="72" InterfaceTypeRefId="106"><Port ID="113" SlotNr="1" Name="Port 1 (X2 P1)" PortTypeRefId="108" ConnectionRefId="135" ObjID="74" IsPortAssigned="0"/><Port ID="114" SlotNr="2" Name="Port 2 (X2 P2)" PortTypeRefId="110" ObjID="73" IsPortAssigned="0"/></Interface></Device><Device ID="115" Name="C0IM1" ObjID="76" IP="172.25.214.37" DeviceTypeRefId="104" SubnetRefId="24" PNControllerRefId="71" SubsystemID="100" DeviceNo="37" Station="API" DeviceID="2753285" MLFB="6ES7154-4AB10-0AB0"><GraphLayout XPos="87" YPos="-88"/><Interface ID="116" Name="C0IM1" ObjID="77" InterfaceTypeRefId="106"><Port ID="117" SlotNr="1" Name="Port 1 (X2 P1)" PortTypeRefId="108" ConnectionRefId="150" ObjID="79" IsPortAssigned="0"/><Port ID="118" SlotNr="2" Name="Port 2 (X2 P2)" PortTypeRefId="110" ObjID="78" IsPortAssigned="0"/></Interface></Device><Device ID="119" Name="H0SB" ObjID="300" IP="172.25.214.27" DeviceTypeRefId="26" SubnetRefId="24" SupportRTClass3="1" RTClass3Type="RT" IsSharedDevice="1" IsHeadAssignment="0" PrimaryAssignment="1" PNControllerRefId="71" SubsystemID="100" DeviceNo="27" Station="API" DeviceID="2753281" MLFB="6ES7151-3BA23-0AB0"><GraphLayout XPos="-247" YPos="-122"/><Interface ID="120" Name="H0SB" ObjID="301" InterfaceTypeRefId="28"><Port ID="121" SlotNr="1" Name="Port 1 (X1 P1 R)" PortTypeRefId="30" ConnectionRefId="122" ObjID="45" IsRingCapable="1" IsPortAssigned="1"/><Port ID="123" SlotNr="2" Name="Port 2 (X1 P2 R)" PortTypeRefId="30" ConnectionRefId="124" ObjID="46" IsRingCapable="1" IsPortAssigned="1"/></Interface></Device><Device ID="125" Name="E0SB" ObjID="291" IP="172.25.214.24" DeviceTypeRefId="26" SubnetRefId="24" SupportRTClass3="1" RTClass3Type="RT" IsSharedDevice="1" IsHeadAssignment="0" PrimaryAssignment="1" PNControllerRefId="71" SubsystemID="100" DeviceNo="24" Station="API" DeviceID="2753281" MLFB="6ES7151-3BA23-0AB0"><GraphLayout XPos="-165" YPos="-122"/><Interface ID="126" Name="E0SB" ObjID="292" InterfaceTypeRefId="28"><Port ID="127" SlotNr="1" Name="Port 1 (X1 P1 R)" PortTypeRefId="30" ObjID="39" IsRingCapable="1" IsPortAssigned="1" ConnectionRefId="338"/><Port ID="129" SlotNr="2" Name="Port 2 (X1 P2 R)" PortTypeRefId="30" ConnectionRefId="139" ObjID="40" IsRingCapable="1" IsPortAssigned="1"/></Interface></Device><Device ID="130" Name="G0SB" ObjID="297" IP="172.25.214.26" DeviceTypeRefId="26" SubnetRefId="24" SupportRTClass3="1" RTClass3Type="RT" IsSharedDevice="1" IsHeadAssignment="0" PrimaryAssignment="1" PNControllerRefId="71" SubsystemID="100" DeviceNo="26" Station="API" DeviceID="2753281" MLFB="6ES7151-3BA23-0AB0"><GraphLayout XPos="-83" YPos="-122"/><Interface ID="131" Name="G0SB" ObjID="298" InterfaceTypeRefId="28"><Port ID="132" SlotNr="1" Name="Port 1 (X1 P1 R)" PortTypeRefId="30" ObjID="43" IsRingCapable="1" IsPortAssigned="1" ConnectionRefId="340"/><Port ID="134" SlotNr="2" Name="Port 2 (X1 P2 R)" PortTypeRefId="30" ConnectionRefId="135" ObjID="44" IsRingCapable="1" IsPortAssigned="1"/></Interface></Device><Device ID="136" Name="E0IM1" ObjID="81" IP="172.25.214.35" DeviceTypeRefId="104" SubnetRefId="24" PNControllerRefId="71" SubsystemID="100" DeviceNo="35" Station="API" DeviceID="2753285" MLFB="6ES7154-4AB10-0AB0"><GraphLayout XPos="-1" YPos="-122"/><Interface ID="137" Name="E0IM1" ObjID="82" InterfaceTypeRefId="106"><Port ID="138" SlotNr="1" Name="Port 1 (X2 P1)" PortTypeRefId="108" ConnectionRefId="139" ObjID="84" IsPortAssigned="0"/><Port ID="140" SlotNr="2" Name="Port 2 (X2 P2)" PortTypeRefId="110" ObjID="83" IsPortAssigned="0"/></Interface></Device><Device ID="141" Name="F0IM1" ObjID="86" IP="172.25.214.36" DeviceTypeRefId="104" SubnetRefId="24" PNControllerRefId="71" SubsystemID="100" DeviceNo="36" Station="API" DeviceID="2753285" MLFB="6ES7154-4AB10-0AB0"><GraphLayout XPos="81" YPos="-122"/><Interface ID="142" Name="F0IM1" ObjID="87" InterfaceTypeRefId="106"><Port ID="143" SlotNr="1" Name="Port 1 (X2 P1)" PortTypeRefId="108" ConnectionRefId="154" ObjID="89" IsPortAssigned="0"/><Port ID="144" SlotNr="2" Name="Port 2 (X2 P2)" PortTypeRefId="110" ObjID="90" IsPortAssigned="0"/></Interface></Device><Device ID="145" Name="C0SB" ObjID="285" IP="172.25.214.22" DeviceTypeRefId="26" SubnetRefId="24" SupportRTClass3="1" RTClass3Type="RT" IsSharedDevice="1" IsHeadAssignment="0" PrimaryAssignment="1" PNControllerRefId="71" SubsystemID="100" DeviceNo="22" Station="API" DeviceID="2753281" MLFB="6ES7151-3BA23-0AB0"><GraphLayout XPos="163" YPos="-122"/><Interface ID="146" Name="C0SB" ObjID="286" InterfaceTypeRefId="28"><Port ID="147" SlotNr="1" Name="Port 1 (X1 P1 R)" PortTypeRefId="30" ObjID="35" IsRingCapable="1" IsPortAssigned="1" ConnectionRefId="337"/><Port ID="149" SlotNr="2" Name="Port 2 (X1 P2 R)" PortTypeRefId="30" ConnectionRefId="150" ObjID="36" IsRingCapable="1" IsPortAssigned="1"/></Interface></Device><Device ID="151" Name="F0SB" ObjID="294" IP="172.25.214.25" DeviceTypeRefId="26" SubnetRefId="24" SupportRTClass3="1" RTClass3Type="RT" IsSharedDevice="1" IsHeadAssignment="0" PrimaryAssignment="1" PNControllerRefId="71" SubsystemID="100" DeviceNo="25" Station="API" DeviceID="2753281" MLFB="6ES7151-3BA23-0AB0"><GraphLayout XPos="-247" YPos="-156"/><Interface ID="152" Name="F0SB" ObjID="295" InterfaceTypeRefId="28"><Port ID="153" SlotNr="1" Name="Port 1 (X1 P1 R)" PortTypeRefId="30" ConnectionRefId="154" ObjID="41" IsRingCapable="1" IsPortAssigned="1"/><Port ID="155" SlotNr="2" Name="Port 2 (X1 P2 R)" PortTypeRefId="30" ObjID="42" IsRingCapable="1" IsPortAssigned="1" ConnectionRefId="339"/></Interface></Device><Device ID="157" Name="D0SB" ObjID="288" IP="172.25.214.23" DeviceTypeRefId="26" SubnetRefId="24" SupportRTClass3="1" RTClass3Type="RT" IsSharedDevice="1" IsHeadAssignment="0" PrimaryAssignment="1" PNControllerRefId="71" SubsystemID="100" DeviceNo="23" Station="API" DeviceID="2753281" MLFB="6ES7151-3BA23-0AB0"><GraphLayout XPos="-165" YPos="-156"/><Interface ID="158" Name="D0SB" ObjID="289" InterfaceTypeRefId="28"><Port ID="159" SlotNr="1" Name="Port 1 (X1 P1 R)" PortTypeRefId="30" ConnectionRefId="165" ObjID="37" IsRingCapable="1" IsPortAssigned="1"/><Port ID="160" SlotNr="2" Name="Port 2 (X1 P2 R)" PortTypeRefId="30" ConnectionRefId="161" ObjID="38" IsRingCapable="1" IsPortAssigned="1"/></Interface></Device><Device ID="162" Name="D0IM1" ObjID="91" IP="172.25.214.33" DeviceTypeRefId="104" SubnetRefId="24" PNControllerRefId="71" SubsystemID="100" DeviceNo="33" Station="API" DeviceID="2753285" MLFB="6ES7154-4AB10-0AB0"><GraphLayout XPos="-83" YPos="-156"/><Interface ID="163" Name="D0IM1" ObjID="92" InterfaceTypeRefId="106"><Port ID="164" SlotNr="1" Name="Port 1 (X2 P1)" PortTypeRefId="108" ConnectionRefId="165" ObjID="94" IsPortAssigned="0"/><Port ID="166" SlotNr="2" Name="Port 2 (X2 P2)" PortTypeRefId="110" ObjID="93" IsPortAssigned="0"/></Interface></Device><Device ID="167" Name="B0IM1" ObjID="96" IP="172.25.214.32" DeviceTypeRefId="104" SubnetRefId="24" PNControllerRefId="71" SubsystemID="100" DeviceNo="32" Station="API" DeviceID="2753285" MLFB="6ES7154-4AB10-0AB0"><GraphLayout XPos="-1" YPos="-156"/><Interface ID="168" Name="B0IM1" ObjID="97" InterfaceTypeRefId="106"><Port ID="169" SlotNr="1" Name="Port 1 (X2 P1)" PortTypeRefId="108" ConnectionRefId="180" ObjID="99" IsPortAssigned="0"/><Port ID="170" SlotNr="2" Name="Port 2 (X2 P2)" PortTypeRefId="110" ObjID="98" IsPortAssigned="0"/></Interface></Device><Device ID="171" Name="A0IM1" ObjID="101" IP="172.25.214.30" DeviceTypeRefId="104" SubnetRefId="24" PNControllerRefId="71" SubsystemID="100" DeviceNo="30" Station="API" DeviceID="2753285" MLFB="6ES7154-4AB10-0AB0"><GraphLayout XPos="81" YPos="-156"/><Interface ID="172" Name="A0IM1" ObjID="102" InterfaceTypeRefId="106"><Port ID="173" SlotNr="1" Name="Port 1 (X2 P1)" PortTypeRefId="108" ConnectionRefId="186" ObjID="104" IsPortAssigned="0"/><Port ID="174" SlotNr="2" Name="Port 2 (X2 P2)" PortTypeRefId="110" ObjID="105" IsPortAssigned="0"/></Interface></Device><Device ID="175" Name="B0SB" ObjID="282" IP="172.25.214.21" DeviceTypeRefId="26" SubnetRefId="24" SupportRTClass3="1" RTClass3Type="RT" IsSharedDevice="1" IsHeadAssignment="0" PrimaryAssignment="1" PNControllerRefId="71" SubsystemID="100" DeviceNo="21" Station="API" DeviceID="2753281" MLFB="6ES7151-3BA23-0AB0"><GraphLayout XPos="163" YPos="-156"/><Interface ID="176" Name="B0SB" ObjID="283" InterfaceTypeRefId="28"><Port ID="177" SlotNr="1" Name="Port 1 (X1 P1 R)" PortTypeRefId="30" ObjID="33" IsRingCapable="1" IsPortAssigned="1" ConnectionRefId="336"/><Port ID="179" SlotNr="2" Name="Port 2 (X1 P2 R)" PortTypeRefId="30" ConnectionRefId="180" ObjID="34" IsRingCapable="1" IsPortAssigned="1"/></Interface></Device><Device ID="181" Name="A0SB" ObjID="279" IP="172.25.214.20" DeviceTypeRefId="26" SubnetRefId="24" SupportRTClass3="1" RTClass3Type="RT" IsSharedDevice="1" IsHeadAssignment="0" PrimaryAssignment="1" PNControllerRefId="71" SubsystemID="100" DeviceNo="20" Station="API" DeviceID="2753281" MLFB="6ES7151-3BA23-0AB0"><GraphLayout XPos="-247" YPos="-190"/><Interface ID="182" Name="A0SB" ObjID="280" InterfaceTypeRefId="28"><Port ID="183" SlotNr="1" Name="Port 1 (X1 P1 R)" PortTypeRefId="30" ObjID="31" IsRingCapable="1" IsPortAssigned="1" ConnectionRefId="335"/><Port ID="185" SlotNr="2" Name="Port 2 (X1 P2 R)" PortTypeRefId="30" ConnectionRefId="186" ObjID="32" IsRingCapable="1" IsPortAssigned="1"/></Interface></Device><Device ID="187" Name="H0IM2" ObjID="106" IP="172.25.214.40" DeviceTypeRefId="104" SubnetRefId="24" PNControllerRefId="71" SubsystemID="100" DeviceNo="40" Station="API" DeviceID="2753285" MLFB="6ES7154-4AB10-0AB0"><GraphLayout XPos="-83" YPos="-190"/><Interface ID="188" Name="H0IM2" ObjID="107" InterfaceTypeRefId="106"><Port ID="189" SlotNr="1" Name="Port 1 (X2 P1)" PortTypeRefId="108" ConnectionRefId="190" ObjID="109" IsPortAssigned="0"/><Port ID="191" SlotNr="2" Name="Port 2 (X2 P2)" PortTypeRefId="110" ObjID="110" IsPortAssigned="0"/></Interface></Device></UsedDevicesStep7><ConnectionList><Connection ID="86" PortToPortLength="100000" PortToPortDelay="600"><Comment></Comment></Connection><Connection ID="84" PortToPortLength="100000" PortToPortDelay="600"><Comment></Comment></Connection><Connection ID="38" PortToPortLength="100000" PortToPortDelay="600"><Comment></Comment></Connection><Connection ID="161" PortToPortLength="100000" PortToPortDelay="600"><Comment></Comment></Connection><Connection ID="56" PortToPortLength="100000" PortToPortDelay="600"><Comment></Comment></Connection><Connection ID="122" PortToPortLength="100000" PortToPortDelay="600"><Comment></Comment></Connection><Connection ID="124" PortToPortLength="100000" PortToPortDelay="600"><Comment></Comment></Connection><Connection ID="190" PortToPortLength="100000" PortToPortDelay="600"><Comment></Comment></Connection><Connection ID="135" PortToPortLength="100000" PortToPortDelay="600"><Comment></Comment></Connection><Connection ID="150" PortToPortLength="100000" PortToPortDelay="600"><Comment></Comment></Connection><Connection ID="139" PortToPortLength="100000" PortToPortDelay="600"><Comment></Comment></Connection><Connection ID="154" PortToPortLength="100000" PortToPortDelay="600"><Comment></Comment></Connection><Connection ID="165" PortToPortLength="100000" PortToPortDelay="600"><Comment></Comment></Connection><Connection ID="180" PortToPortLength="100000" PortToPortDelay="600"><Comment></Comment></Connection><Connection ID="186" PortToPortLength="100000" PortToPortDelay="600"><Comment></Comment></Connection><Connection ID="335" PortToPortLength="100000" PortToPortDelay="600"><Comment></Comment></Connection><Connection ID="336" PortToPortLength="100000" PortToPortDelay="600"><Comment></Comment></Connection><Connection ID="337" PortToPortLength="100000" PortToPortDelay="600"><Comment></Comment></Connection><Connection ID="338" PortToPortLength="100000" PortToPortDelay="600"><Comment></Comment></Connection><Connection ID="339" PortToPortLength="100000" PortToPortDelay="600"><Comment></Comment></Connection><Connection ID="340" PortToPortLength="100000" PortToPortDelay="600"><Comment></Comment></Connection><Connection ID="341" PortToPortLength="100000" PortToPortDelay="600"><Comment></Comment></Connection><Connection ID="342" PortToPortLength="100000" PortToPortDelay="600"><Comment></Comment></Connection></ConnectionList></Project></TopologieFile>
