<TopologieFile Version="V5.5 + SP2" NextFreeID="292"><WiringTypes><WiringType ID="1" Class="0" Name="Cobre"/></WiringTypes><Project ID="2" Name="PL120151222" ProjPath="C:\temp\Pl120151222" EnvID="142" EnvType="1122305"><AvailableSubnetsStep7><Subnet ID="3" Name="Pilotage N2"/><Subnet ID="13" Name="Profinet"/></AvailableSubnetsStep7><AvailableDeviceTypesStep7><DeviceType ID="5" ObjType="2367507" Name="CP 343-1 Lean" Webable="1"><InterfaceType ID="9" ObjType="2367506"><PortType ID="11" ObjType="2367508" WiringTypeRefId="1"/></InterfaceType></DeviceType><DeviceType ID="7" ObjType="1314969"><GraphLayout BitMapPath="SIMATIC300.bmp"/></DeviceType><DeviceType ID="15" ObjType="2364818" Name="CPU 319F-3 PN/DP" Webable="1"><InterfaceType ID="17" ObjType="2364815"><PortType ID="19" ObjType="2364819" WiringTypeRefId="1"/></InterfaceType></DeviceType><DeviceType ID="22" ObjType="1316803" Name="FL-NP-PND-4TX-IB" Webable="1"><GraphLayout BitMapPath="C:\Program Files\Siemens\Step7\S7data\Nsbmp\FL_NP_PND4TX.bmp"/><InterfaceType ID="24" ObjType="1316804"><PortType ID="26" ObjType="1316846" WiringTypeRefId="1"/></InterfaceType></DeviceType><DeviceType ID="31" ObjType="2364467" Name="IM151-3PN" Webable="1"><GraphLayout BitMapPath="C:\Program Files\Siemens\Step7\S7data\Nsbmp\ET200S1N.BMP"/><InterfaceType ID="33" ObjType="2364468"><PortType ID="35" ObjType="2364470" WiringTypeRefId="1"/></InterfaceType></DeviceType><DeviceType ID="38" ObjType="2364836" Name="IM151-3PN" Webable="1"><GraphLayout BitMapPath="C:\Program Files\Siemens\Step7\S7data\Nsbmp\ET200S1N.BMP"/><InterfaceType ID="40" ObjType="2364837"><PortType ID="42" ObjType="2364839" WiringTypeRefId="1"/></InterfaceType></DeviceType><DeviceType ID="45" ObjType="2367561" Name="SCALANCE-X208" Webable="1"><GraphLayout BitMapPath="C:\Program Files\Siemens\Step7\S7data\Nsbmp\GSDML_002A_SCALANCEX208.bmp"/><InterfaceType ID="47" ObjType="1316804"><PortType ID="49" ObjType="1316846" WiringTypeRefId="1"/></InterfaceType></DeviceType><DeviceType ID="114" ObjType="1316803" Name="CPX" Webable="1"><GraphLayout BitMapPath="C:\Program Files\Siemens\Step7\S7data\Nsbmp\GSDML-014D-0101-CPX.bmp"/><InterfaceType ID="116" ObjType="1316804"><PortType ID="118" ObjType="1316846" WiringTypeRefId="1"/></InterfaceType></DeviceType><DeviceType ID="137" ObjType="2364207" Name="IM151-3PN" Webable="1"><GraphLayout BitMapPath="C:\Program Files\Siemens\Step7\S7data\Nsbmp\ET200S1N.BMP"/><InterfaceType ID="139" ObjType="2364208"><PortType ID="141" ObjType="2364210" WiringTypeRefId="1"/><PortType ID="143" ObjType="2364211" WiringTypeRefId="1"/></InterfaceType></DeviceType><DeviceType ID="145" ObjType="1316803" Name="CPX" Webable="1"><GraphLayout BitMapPath="C:\Program Files\Siemens\Step7\S7data\Nsbmp\GSDML-014D-0101-CPX.bmp"/><InterfaceType ID="147" ObjType="1316804"><PortType ID="149" ObjType="1316846" WiringTypeRefId="1"/></InterfaceType></DeviceType><DeviceType ID="160" ObjType="1316803" Name="CPX" Webable="1"><GraphLayout BitMapPath="C:\Program Files\Siemens\Step7\S7data\Nsbmp\GSDML-014D-0101-CPX.bmp"/><InterfaceType ID="162" ObjType="1316804"><PortType ID="164" ObjType="1316846" WiringTypeRefId="1"/></InterfaceType></DeviceType><DeviceType ID="179" ObjType="1316803" Name="CPX" Webable="1"><GraphLayout BitMapPath="C:\Program Files\Siemens\Step7\S7data\Nsbmp\GSDML-014D-0101-CPX.bmp"/><InterfaceType ID="181" ObjType="1316804"><PortType ID="183" ObjType="1316846" WiringTypeRefId="1"/></InterfaceType></DeviceType><DeviceType ID="186" ObjType="1316803" Name="CPX" Webable="1"><GraphLayout BitMapPath="C:\Program Files\Siemens\Step7\S7data\Nsbmp\GSDML-014D-0101-CPX.bmp"/><InterfaceType ID="188" ObjType="1316804"><PortType ID="190" ObjType="1316846" WiringTypeRefId="1"/></InterfaceType></DeviceType><DeviceType ID="193" ObjType="1316803" Name="CPX" Webable="1"><GraphLayout BitMapPath="C:\Program Files\Siemens\Step7\S7data\Nsbmp\GSDML-014D-0101-CPX.bmp"/><InterfaceType ID="195" ObjType="1316804"><PortType ID="197" ObjType="1316846" WiringTypeRefId="1"/></InterfaceType></DeviceType><DeviceType ID="200" ObjType="1316803" Name="CPX" Webable="1"><GraphLayout BitMapPath="C:\Program Files\Siemens\Step7\S7data\Nsbmp\GSDML-014D-0101-CPX.bmp"/><InterfaceType ID="202" ObjType="1316804"><PortType ID="204" ObjType="1316846" WiringTypeRefId="1"/></InterfaceType></DeviceType><DeviceType ID="207" ObjType="1316803" Name="euchnermgb" Webable="1"><GraphLayout BitMapPath="C:\Program Files\Siemens\Step7\S7data\Nsbmp\GSDML_0135_MGB-A2.bmp"/><InterfaceType ID="209" ObjType="1316804"><PortType ID="211" ObjType="1316846" WiringTypeRefId="1"/></InterfaceType></DeviceType><DeviceType ID="214" ObjType="1316803" Name="euchnermgb" Webable="1"><GraphLayout BitMapPath="C:\Program Files\Siemens\Step7\S7data\Nsbmp\GSDML_0135_MGB-A2.bmp"/><InterfaceType ID="216" ObjType="1316804"><PortType ID="218" ObjType="1316846" WiringTypeRefId="1"/></InterfaceType></DeviceType><DeviceType ID="221" ObjType="1316803" Name="S3000" Webable="1"><GraphLayout BitMapPath="C:\Program Files\Siemens\Step7\S7data\Nsbmp\GSDML-0101-2001-S3000.bmp"/><InterfaceType ID="223" ObjType="1316804"><PortType ID="225" ObjType="1316846" WiringTypeRefId="1"/></InterfaceType></DeviceType><DeviceType ID="228" ObjType="1316803" Name="S3000" Webable="1"><GraphLayout BitMapPath="C:\Program Files\Siemens\Step7\S7data\Nsbmp\GSDML-0101-2001-S3000.bmp"/><InterfaceType ID="230" ObjType="1316804"><PortType ID="232" ObjType="1316846" WiringTypeRefId="1"/></InterfaceType></DeviceType><DeviceType ID="235" ObjType="1316803" Name="S3000" Webable="1"><GraphLayout BitMapPath="C:\Program Files\Siemens\Step7\S7data\Nsbmp\GSDML-0101-2001-S3000.bmp"/><InterfaceType ID="237" ObjType="1316804"><PortType ID="239" ObjType="1316846" WiringTypeRefId="1"/></InterfaceType></DeviceType><DeviceType ID="242" ObjType="1316803" Name="FL-NP-PND-4TX-IB" Webable="1"><GraphLayout BitMapPath="C:\Program Files\Siemens\Step7\S7data\Nsbmp\FL_NP_PND4TX.bmp"/><InterfaceType ID="244" ObjType="1316804"><PortType ID="246" ObjType="1316846" WiringTypeRefId="1"/></InterfaceType></DeviceType><DeviceType ID="251" ObjType="1316803" Name="IRC5-PNIO-Device" Webable="1"><GraphLayout BitMapPath="C:\Program Files\Siemens\Step7\S7data\Nsbmp\irc5device.bmp"/><InterfaceType ID="253" ObjType="1316804"><PortType ID="255" ObjType="1316846" WiringTypeRefId="1"/></InterfaceType></DeviceType><DeviceType ID="257" ObjType="1316803" Name="euchnermgb" Webable="1"><GraphLayout BitMapPath="C:\Program Files\Siemens\Step7\S7data\Nsbmp\GSDML_0135_MGB-A2.bmp"/><InterfaceType ID="259" ObjType="1316804"><PortType ID="261" ObjType="1316846" WiringTypeRefId="1"/></InterfaceType></DeviceType><DeviceType ID="264" ObjType="1316803" Name="euchnermgb" Webable="1"><GraphLayout BitMapPath="C:\Program Files\Siemens\Step7\S7data\Nsbmp\GSDML_0135_MGB-A2.bmp"/><InterfaceType ID="266" ObjType="1316804"><PortType ID="268" ObjType="1316846" WiringTypeRefId="1"/></InterfaceType></DeviceType><DeviceType ID="271" ObjType="1316803" Name="euchnermgb" Webable="1"><GraphLayout BitMapPath="C:\Program Files\Siemens\Step7\S7data\Nsbmp\GSDML_0135_MGB-A2.bmp"/><InterfaceType ID="273" ObjType="1316804"><PortType ID="275" ObjType="1316846" WiringTypeRefId="1"/></InterfaceType></DeviceType><DeviceType ID="278" ObjType="1316803" Name="euchnermgb" Webable="1"><GraphLayout BitMapPath="C:\Program Files\Siemens\Step7\S7data\Nsbmp\GSDML_0135_MGB-A2.bmp"/><InterfaceType ID="280" ObjType="1316804"><PortType ID="282" ObjType="1316846" WiringTypeRefId="1"/></InterfaceType></DeviceType><DeviceType ID="285" ObjType="1335471" Name="IE General" Webable="1"/><DeviceType ID="287" ObjType="1315651"><GraphLayout BitMapPath="PC.bmp"/><InterfaceType ID="291" ObjType="1335378"/></DeviceType></AvailableDeviceTypesStep7><UsedDevicesStep7><Device ID="4" Name="PilotageN2(Pilotage N2)" DiagHeader="1" ObjID="2" IP="254.254.254.254" DeviceTypeRefId="5" MLFB="6GK7343-1CX10-0XE0" StationRefId="6" StationPos="4" Station="API" DeviceID="2753027" DeviceNo="0" SubnetRefId="3" IsInterface="1"><Interface ID="8" Name="Pilotage N2" ObjID="1" InterfaceTypeRefId="9"><Port ID="10" ObjID="230" Name="Port 1 (X1 P1 R)" SlotNr="1" IsRingCapable="1" PortTypeRefId="11"/><Port ID="12" ObjID="231" Name="Port 2 (X1 P2 R)" SlotNr="2" IsRingCapable="1" PortTypeRefId="11"/></Interface></Device><Device ID="6" ObjID="1" Name="API" DeviceTypeRefId="7"/><Device ID="14" Name="PN-IO(CPU)" DiagHeader="1" ObjID="40" IP="172.25.214.1" DeviceTypeRefId="15" MLFB="6ES7318-3FL01-0AB0" RTClass3Type="RT" SupportRTClass3="1" StationRefId="6" StationPos="2" Station="API" DeviceID="2752769" PNControllerRefId="14" DeviceNo="0" SubnetRefId="13" IsInterface="1"><Interface ID="16" Name="CPU" ObjID="1" InterfaceTypeRefId="17"><Port ID="18" ObjID="232" Name="Port 1 (X3 P1 R)" SlotNr="1" IsRingCapable="1" PortTypeRefId="19"/><Port ID="20" ObjID="233" Name="Port 2 (X3 P2 R)" SlotNr="2" IsRingCapable="1" PortTypeRefId="19"/></Interface></Device><Device ID="21" Name="Z3-PN-IBS" ObjID="221" IP="172.25.214.204" DeviceTypeRefId="22" MLFB="2985974" Station="API" DeviceID="11534352" SubsystemID="100" DeviceNo="204" SubnetRefId="13" PNControllerRefId="14"><Interface ID="23" Name="Z3-PN-IBS" ObjID="222" InterfaceTypeRefId="24"><Port ID="25" ObjID="224" Name="Port 1 (X1 P1)" SlotNr="1" PortTypeRefId="26"/><Port ID="27" ObjID="225" Name="Port 2 (X2 P2)" SlotNr="2" PortTypeRefId="26"/><Port ID="28" ObjID="226" Name="Port 3 (X3 P3)" SlotNr="3" PortTypeRefId="26"/><Port ID="29" ObjID="227" Name="Port 4 (X4 P4)" SlotNr="4" PortTypeRefId="26"/></Interface></Device><Device ID="30" Name="MOP-IM" ObjID="1" IP="172.25.214.3" DeviceTypeRefId="31" MLFB="6ES7151-3AA23-0AB0" RTClass3Type="RT" SupportRTClass3="1" Station="API" DeviceID="2753281" SubsystemID="100" DeviceNo="3" SubnetRefId="13" PNControllerRefId="14"><Interface ID="32" Name="MOP-IM" ObjID="2" InterfaceTypeRefId="33"><Port ID="34" ObjID="15" Name="Port 1 (X1 P1)" SlotNr="1" PortTypeRefId="35"/><Port ID="36" ObjID="16" Name="Port 2 (X1 P2)" SlotNr="2" PortTypeRefId="35"/></Interface></Device><Device ID="37" Name="A3RB1" ObjID="49" IP="172.25.214.41" DeviceTypeRefId="38" MLFB="6ES7151-3BA23-0AB0" IsSharedDevice="1" PrimaryAssignment="1" RTClass3Type="RT" SupportRTClass3="1" Station="API" DeviceID="2753281" SubsystemID="100" DeviceNo="41" SubnetRefId="13" PNControllerRefId="14"><Interface ID="39" Name="A3RB1" ObjID="50" InterfaceTypeRefId="40"><Port ID="41" ObjID="13" Name="Puerto 1 (X1 P1 R)" SlotNr="1" IsRingCapable="1" PortTypeRefId="42" IsPortAssigned="1"/><Port ID="43" ObjID="14" Name="Puerto 2 (X1 P2 R)" SlotNr="2" IsRingCapable="1" PortTypeRefId="42" IsPortAssigned="1"/></Interface></Device><Device ID="44" Name="B2SW" ObjID="9" IP="172.25.212.210" DeviceTypeRefId="45" MLFB="6GK5208-0BA10-2AA3" Station="API" DeviceID="2755073" SubsystemID="100" DeviceNo="210" SubnetRefId="13" PNControllerRefId="14"><Interface ID="46" Name="B2SW" ObjID="212" InterfaceTypeRefId="47"><Port ID="48" ObjID="213" Name="Port 1 - RJ45 (X1 P1)" SlotNr="1" IsRingCapable="1" PortTypeRefId="49"/><Port ID="50" ObjID="214" Name="Port 2 - RJ45 (X1 P2)" SlotNr="2" IsRingCapable="1" PortTypeRefId="49"/><Port ID="51" ObjID="215" Name="Port 3 - RJ45 (X1 P3)" SlotNr="3" IsRingCapable="1" PortTypeRefId="49"/><Port ID="52" ObjID="216" Name="Port 4 - RJ45 (X1 P4)" SlotNr="4" IsRingCapable="1" PortTypeRefId="49"/><Port ID="53" ObjID="217" Name="Port 5 - RJ45 (X1 P5)" SlotNr="5" IsRingCapable="1" PortTypeRefId="49"/><Port ID="54" ObjID="218" Name="Port 6 - RJ45 (X1 P6)" SlotNr="6" IsRingCapable="1" PortTypeRefId="49"/><Port ID="55" ObjID="219" Name="Port 7 - RJ45 (X1 P7)" SlotNr="7" IsRingCapable="1" PortTypeRefId="49"/><Port ID="56" ObjID="220" Name="Port 8 - RJ45 (X1 P8)" SlotNr="8" IsRingCapable="1" PortTypeRefId="49"/></Interface></Device><Device ID="57" Name="Z3SW" ObjID="7" IP="172.25.214.15" DeviceTypeRefId="45" MLFB="6GK5208-0BA10-2AA3" Station="API" DeviceID="2755073" SubsystemID="100" DeviceNo="1" SubnetRefId="13" PNControllerRefId="14"><Interface ID="58" Name="Z3SW" ObjID="203" InterfaceTypeRefId="47"><Port ID="59" ObjID="204" Name="Port 1 - RJ45 (X1 P1)" SlotNr="1" IsRingCapable="1" PortTypeRefId="49"/><Port ID="60" ObjID="205" Name="Port 2 - RJ45 (X1 P2)" SlotNr="2" IsRingCapable="1" PortTypeRefId="49"/><Port ID="61" ObjID="206" Name="Port 3 - RJ45 (X1 P3)" SlotNr="3" IsRingCapable="1" PortTypeRefId="49"/><Port ID="62" ObjID="207" Name="Port 4 - RJ45 (X1 P4)" SlotNr="4" IsRingCapable="1" PortTypeRefId="49"/><Port ID="63" ObjID="208" Name="Port 5 - RJ45 (X1 P5)" SlotNr="5" IsRingCapable="1" PortTypeRefId="49"/><Port ID="64" ObjID="209" Name="Port 6 - RJ45 (X1 P6)" SlotNr="6" IsRingCapable="1" PortTypeRefId="49"/><Port ID="65" ObjID="210" Name="Port 7 - RJ45 (X1 P7)" SlotNr="7" IsRingCapable="1" PortTypeRefId="49"/><Port ID="66" ObjID="211" Name="Port 8 - RJ45 (X1 P8)" SlotNr="8" IsRingCapable="1" PortTypeRefId="49"/></Interface></Device><Device ID="67" Name="A2RB1" ObjID="46" IP="172.25.214.40" DeviceTypeRefId="38" MLFB="6ES7151-3BA23-0AB0" IsSharedDevice="1" PrimaryAssignment="1" RTClass3Type="RT" SupportRTClass3="1" Station="API" DeviceID="2753281" SubsystemID="100" DeviceNo="40" SubnetRefId="13" PNControllerRefId="14"><Interface ID="68" Name="A2RB1" ObjID="47" InterfaceTypeRefId="40"><Port ID="69" ObjID="11" Name="Puerto 1 (X1 P1 R)" SlotNr="1" IsRingCapable="1" PortTypeRefId="42" IsPortAssigned="1"/><Port ID="70" ObjID="12" Name="Puerto 2 (X1 P2 R)" SlotNr="2" IsRingCapable="1" PortTypeRefId="42" IsPortAssigned="1"/></Interface></Device><Device ID="71" Name="Z2SW" ObjID="5" IP="172.25.214.13" DeviceTypeRefId="45" MLFB="6GK5208-0BA10-2AA3" Station="API" DeviceID="2755073" SubsystemID="100" DeviceNo="13" SubnetRefId="13" PNControllerRefId="14"><Interface ID="72" Name="Z2SW" ObjID="194" InterfaceTypeRefId="47"><Port ID="73" ObjID="202" Name="Port 1 - RJ45 (X1 P1)" SlotNr="1" IsRingCapable="1" PortTypeRefId="49"/><Port ID="74" ObjID="201" Name="Port 2 - RJ45 (X1 P2)" SlotNr="2" IsRingCapable="1" PortTypeRefId="49"/><Port ID="75" ObjID="200" Name="Port 3 - RJ45 (X1 P3)" SlotNr="3" IsRingCapable="1" PortTypeRefId="49"/><Port ID="76" ObjID="199" Name="Port 4 - RJ45 (X1 P4)" SlotNr="4" IsRingCapable="1" PortTypeRefId="49"/><Port ID="77" ObjID="198" Name="Port 5 - RJ45 (X1 P5)" SlotNr="5" IsRingCapable="1" PortTypeRefId="49"/><Port ID="78" ObjID="197" Name="Port 6 - RJ45 (X1 P6)" SlotNr="6" IsRingCapable="1" PortTypeRefId="49"/><Port ID="79" ObjID="196" Name="Port 7 - RJ45 (X1 P7)" SlotNr="7" IsRingCapable="1" PortTypeRefId="49"/><Port ID="80" ObjID="195" Name="Port 8 - RJ45 (X1 P8)" SlotNr="8" IsRingCapable="1" PortTypeRefId="49"/></Interface></Device><Device ID="81" Name="A0AG" ObjID="43" IP="172.25.214.74" DeviceTypeRefId="38" MLFB="6ES7151-3BA23-0AB0" IsSharedDevice="1" PrimaryAssignment="1" RTClass3Type="RT" SupportRTClass3="1" Station="API" DeviceID="2753281" SubsystemID="100" DeviceNo="74" SubnetRefId="13" PNControllerRefId="14"><Interface ID="82" Name="A0AG" ObjID="44" InterfaceTypeRefId="40"><Port ID="83" ObjID="9" Name="Puerto 1 (X1 P1 R)" SlotNr="1" IsRingCapable="1" PortTypeRefId="42" IsPortAssigned="1"/><Port ID="84" ObjID="10" Name="Puerto 2 (X1 P2 R)" SlotNr="2" IsRingCapable="1" PortTypeRefId="42" IsPortAssigned="1"/></Interface></Device><Device ID="85" Name="Z1SW" ObjID="3" IP="172.25.214.11" DeviceTypeRefId="45" MLFB="6GK5208-0BA10-2AA3" Station="API" DeviceID="2755073" SubsystemID="100" DeviceNo="11" SubnetRefId="13" PNControllerRefId="14"><Interface ID="86" Name="Z1SW" ObjID="185" InterfaceTypeRefId="47"><Port ID="87" ObjID="186" Name="Port 1 - RJ45 (X1 P1)" SlotNr="1" IsRingCapable="1" PortTypeRefId="49"/><Port ID="88" ObjID="187" Name="Port 2 - RJ45 (X1 P2)" SlotNr="2" IsRingCapable="1" PortTypeRefId="49"/><Port ID="89" ObjID="188" Name="Port 3 - RJ45 (X1 P3)" SlotNr="3" IsRingCapable="1" PortTypeRefId="49"/><Port ID="90" ObjID="189" Name="Port 4 - RJ45 (X1 P4)" SlotNr="4" IsRingCapable="1" PortTypeRefId="49"/><Port ID="91" ObjID="190" Name="Port 5 - RJ45 (X1 P5)" SlotNr="5" IsRingCapable="1" PortTypeRefId="49"/><Port ID="92" ObjID="191" Name="Port 6 - RJ45 (X1 P6)" SlotNr="6" IsRingCapable="1" PortTypeRefId="49"/><Port ID="93" ObjID="192" Name="Port 7 - RJ45 (X1 P7)" SlotNr="7" IsRingCapable="1" PortTypeRefId="49"/><Port ID="94" ObjID="193" Name="Port 8 - RJ45 (X1 P8)" SlotNr="8" IsRingCapable="1" PortTypeRefId="49"/></Interface></Device><Device ID="95" Name="MOP-SW" ObjID="1" IP="172.25.214.2" DeviceTypeRefId="45" MLFB="6GK5216-0BA00-2AA3" Station="API" DeviceID="2755073" SubsystemID="100" DeviceNo="2" SubnetRefId="13" PNControllerRefId="14"><Interface ID="96" Name="MOP-SW" ObjID="168" InterfaceTypeRefId="47"><Port ID="97" ObjID="169" Name="Port 1 - RJ45 (X1 P1)" SlotNr="1" IsRingCapable="1" PortTypeRefId="49"/><Port ID="98" ObjID="170" Name="Port 2 - RJ45 (X1 P2)" SlotNr="2" IsRingCapable="1" PortTypeRefId="49"/><Port ID="99" ObjID="171" Name="Port 3 - RJ45 (X1 P3)" SlotNr="3" IsRingCapable="1" PortTypeRefId="49"/><Port ID="100" ObjID="172" Name="Port 4 - RJ45 (X1 P4)" SlotNr="4" IsRingCapable="1" PortTypeRefId="49"/><Port ID="101" ObjID="173" Name="Port 5 - RJ45 (X1 P5)" SlotNr="5" IsRingCapable="1" PortTypeRefId="49"/><Port ID="102" ObjID="174" Name="Port 6 - RJ45 (X1 P6)" SlotNr="6" IsRingCapable="1" PortTypeRefId="49"/><Port ID="103" ObjID="175" Name="Port 7 - RJ45 (X1 P7)" SlotNr="7" IsRingCapable="1" PortTypeRefId="49"/><Port ID="104" ObjID="176" Name="Port 8 - RJ45 (X1 P8)" SlotNr="8" IsRingCapable="1" PortTypeRefId="49"/><Port ID="105" ObjID="177" Name="Port 9 - RJ45 (X1 P9)" SlotNr="9" PortTypeRefId="49"/><Port ID="106" ObjID="178" Name="Port 10 - RJ45 (X1 P10)" SlotNr="10" PortTypeRefId="49"/><Port ID="107" ObjID="179" Name="Port 11 - RJ45 (X1 P11)" SlotNr="11" PortTypeRefId="49"/><Port ID="108" ObjID="180" Name="Port 12 - RJ45 (X1 P12)" SlotNr="12" PortTypeRefId="49"/><Port ID="109" ObjID="181" Name="Port 13 - RJ45 (X1 P13)" SlotNr="13" PortTypeRefId="49"/><Port ID="110" ObjID="182" Name="Port 14 - RJ45 (X1 P14)" SlotNr="14" PortTypeRefId="49"/><Port ID="111" ObjID="183" Name="Port 15 - RJ45 (X1 P15)" SlotNr="15" PortTypeRefId="49"/><Port ID="112" ObjID="184" Name="Port 16 - RJ45 (X1 P16)" SlotNr="16" PortTypeRefId="49"/></Interface></Device><Device ID="113" Name="A01IM1" ObjID="155" IP="172.25.214.60" DeviceTypeRefId="114" MLFB="TN197330" IsSharedDevice="1" PrimaryAssignment="1" RTClass3Type="RT" SupportRTClass3="1" Station="API" DeviceID="21823745" SubsystemID="100" DeviceNo="60" SubnetRefId="13" PNControllerRefId="14"><Interface ID="115" Name="A01IM1" ObjID="156" InterfaceTypeRefId="116"><Port ID="117" ObjID="158" Name="Port 1 (X1 TP1 R)" SlotNr="1" IsRingCapable="1" PortTypeRefId="118" IsPortAssigned="1"/><Port ID="119" ObjID="159" Name="Port 2 (X1 TP2 R)" SlotNr="2" IsRingCapable="1" PortTypeRefId="118" IsPortAssigned="1"/></Interface></Device><Device ID="120" Name="A1OPB" ObjID="40" IP="172.25.214.50" DeviceTypeRefId="38" MLFB="6ES7151-3BA23-0AB0" IsSharedDevice="1" PrimaryAssignment="1" RTClass3Type="RT" SupportRTClass3="1" Station="API" DeviceID="2753281" SubsystemID="100" DeviceNo="50" SubnetRefId="13" PNControllerRefId="14"><Interface ID="121" Name="A1OPB" ObjID="41" InterfaceTypeRefId="40"><Port ID="122" ObjID="7" Name="Puerto 1 (X1 P1 R)" SlotNr="1" IsRingCapable="1" PortTypeRefId="42" IsPortAssigned="1"/><Port ID="123" ObjID="8" Name="Puerto 2 (X1 P2 R)" SlotNr="2" IsRingCapable="1" PortTypeRefId="42" IsPortAssigned="1"/></Interface></Device><Device ID="124" Name="Z3ZB" ObjID="37" IP="172.25.214.14" DeviceTypeRefId="38" MLFB="6ES7151-3BA23-0AB0" IsSharedDevice="1" PrimaryAssignment="1" RTClass3Type="RT" SupportRTClass3="1" Station="API" DeviceID="2753281" SubsystemID="100" DeviceNo="14" SubnetRefId="13" PNControllerRefId="14"><Interface ID="125" Name="Z3ZB" ObjID="38" InterfaceTypeRefId="40"><Port ID="126" ObjID="5" Name="Puerto 1 (X1 P1 R)" SlotNr="1" IsRingCapable="1" PortTypeRefId="42" IsPortAssigned="1"/><Port ID="127" ObjID="6" Name="Puerto 2 (X1 P2 R)" SlotNr="2" IsRingCapable="1" PortTypeRefId="42" IsPortAssigned="1"/></Interface></Device><Device ID="128" Name="Z2ZB" ObjID="34" IP="172.25.214.12" DeviceTypeRefId="38" MLFB="6ES7151-3BA23-0AB0" IsSharedDevice="1" PrimaryAssignment="1" RTClass3Type="RT" SupportRTClass3="1" Station="API" DeviceID="2753281" SubsystemID="100" DeviceNo="12" SubnetRefId="13" PNControllerRefId="14"><Interface ID="129" Name="Z2ZB" ObjID="35" InterfaceTypeRefId="40"><Port ID="130" ObjID="3" Name="Puerto 1 (X1 P1 R)" SlotNr="1" IsRingCapable="1" PortTypeRefId="42" IsPortAssigned="1"/><Port ID="131" ObjID="4" Name="Puerto 2 (X1 P2 R)" SlotNr="2" IsRingCapable="1" PortTypeRefId="42" IsPortAssigned="1"/></Interface></Device><Device ID="132" Name="Z1ZB" ObjID="31" IP="172.25.214.10" DeviceTypeRefId="38" MLFB="6ES7151-3BA23-0AB0" IsSharedDevice="1" PrimaryAssignment="1" RTClass3Type="RT" SupportRTClass3="1" Station="API" DeviceID="2753281" SubsystemID="100" DeviceNo="10" SubnetRefId="13" PNControllerRefId="14"><Interface ID="133" Name="Z1ZB" ObjID="32" InterfaceTypeRefId="40"><Port ID="134" ObjID="1" Name="Puerto 1 (X1 P1 R)" SlotNr="1" IsRingCapable="1" PortTypeRefId="42" IsPortAssigned="1"/><Port ID="135" ObjID="2" Name="Puerto 2 (X1 P2 R)" SlotNr="2" IsRingCapable="1" PortTypeRefId="42" IsPortAssigned="1"/></Interface></Device><Device ID="136" Name="C0AG" ObjID="26" IP="172.25.214.76" DeviceTypeRefId="137" MLFB="6ES7151-3BA22-0AB0" Station="API" DeviceID="2753281" SubsystemID="100" DeviceNo="76" SubnetRefId="13" PNControllerRefId="14"><Interface ID="138" Name="C0AG" ObjID="27" InterfaceTypeRefId="139"><Port ID="140" ObjID="29" Name="Port 1 (X1 P1)" SlotNr="1" PortTypeRefId="141"/><Port ID="142" ObjID="28" Name="Port 2 (X1 P2)" SlotNr="2" PortTypeRefId="143"/></Interface></Device><Device ID="144" Name="C03IM1" ObjID="142" IP="172.25.212.70" DeviceTypeRefId="145" MLFB="TN197330" IsSharedDevice="1" PrimaryAssignment="1" RTClass3Type="RT" SupportRTClass3="1" Station="API" DeviceID="21823745" SubsystemID="100" DeviceNo="70" SubnetRefId="13" PNControllerRefId="14"><Interface ID="146" Name="C03IM1" ObjID="143" InterfaceTypeRefId="147"><Port ID="148" ObjID="145" Name="Port 1 (X1 TP1 R)" SlotNr="1" IsRingCapable="1" PortTypeRefId="149" IsPortAssigned="1"/><Port ID="150" ObjID="146" Name="Port 2 (X1 TP2 R)" SlotNr="2" IsRingCapable="1" PortTypeRefId="149" IsPortAssigned="1"/></Interface></Device><Device ID="151" Name="B0AG" ObjID="21" IP="172.25.214.75" DeviceTypeRefId="137" MLFB="6ES7151-3BA22-0AB0" Station="API" DeviceID="2753281" SubsystemID="100" DeviceNo="75" SubnetRefId="13" PNControllerRefId="14"><Interface ID="152" Name="B0AG" ObjID="22" InterfaceTypeRefId="139"><Port ID="153" ObjID="24" Name="Port 1 (X1 P1)" SlotNr="1" PortTypeRefId="141"/><Port ID="154" ObjID="25" Name="Port 2 (X1 P2)" SlotNr="2" PortTypeRefId="143"/></Interface></Device><Device ID="155" Name="C1OPB" ObjID="16" IP="172.25.214.52" DeviceTypeRefId="137" MLFB="6ES7151-3BA22-0AB0" Station="API" DeviceID="2753281" SubsystemID="100" DeviceNo="52" SubnetRefId="13" PNControllerRefId="14"><Interface ID="156" Name="C1OPB" ObjID="17" InterfaceTypeRefId="139"><Port ID="157" ObjID="19" Name="Port 1 (X1 P1)" SlotNr="1" PortTypeRefId="141"/><Port ID="158" ObjID="20" Name="Port 2 (X1 P2)" SlotNr="2" PortTypeRefId="143"/></Interface></Device><Device ID="159" Name="C02IM1" ObjID="129" IP="172.25.212.69" DeviceTypeRefId="160" MLFB="TN197330" IsSharedDevice="1" PrimaryAssignment="1" RTClass3Type="RT" SupportRTClass3="1" Station="API" DeviceID="21823745" SubsystemID="100" DeviceNo="69" SubnetRefId="13" PNControllerRefId="14"><Interface ID="161" Name="C02IM1" ObjID="130" InterfaceTypeRefId="162"><Port ID="163" ObjID="132" Name="Port 1 (X1 TP1 R)" SlotNr="1" IsRingCapable="1" PortTypeRefId="164" IsPortAssigned="1"/><Port ID="165" ObjID="131" Name="Port 2 (X1 TP2 R)" SlotNr="2" IsRingCapable="1" PortTypeRefId="164" IsPortAssigned="1"/></Interface></Device><Device ID="166" Name="C2RB1" ObjID="11" IP="172.25.214.43" DeviceTypeRefId="137" MLFB="6ES7151-3BA22-0AB0" Station="API" DeviceID="2753281" SubsystemID="100" DeviceNo="43" SubnetRefId="13" PNControllerRefId="14"><Interface ID="167" Name="C2RB1" ObjID="12" InterfaceTypeRefId="139"><Port ID="168" ObjID="14" Name="Port 1 (X1 P1)" SlotNr="1" PortTypeRefId="141"/><Port ID="169" ObjID="13" Name="Port 2 (X1 P2)" SlotNr="2" PortTypeRefId="143"/></Interface></Device><Device ID="170" Name="B1OPB" ObjID="6" IP="172.25.214.51" DeviceTypeRefId="137" MLFB="6ES7151-3BA22-0AB0" Station="API" DeviceID="2753281" SubsystemID="100" DeviceNo="51" SubnetRefId="13" PNControllerRefId="14"><Interface ID="171" Name="B1OPB" ObjID="7" InterfaceTypeRefId="139"><Port ID="172" ObjID="9" Name="Port 1 (X1 P1)" SlotNr="1" PortTypeRefId="141"/><Port ID="173" ObjID="8" Name="Port 2 (X1 P2)" SlotNr="2" PortTypeRefId="143"/></Interface></Device><Device ID="174" Name="B2IM1" ObjID="1" IP="172.25.214.42" DeviceTypeRefId="137" MLFB="6ES7151-3BA22-0AB0" Station="API" DeviceID="2753281" SubsystemID="100" DeviceNo="42" SubnetRefId="13" PNControllerRefId="14"><Interface ID="175" Name="B2IM1" ObjID="2" InterfaceTypeRefId="139"><Port ID="176" ObjID="4" Name="Port 1 (X1 P1)" SlotNr="1" PortTypeRefId="141"/><Port ID="177" ObjID="5" Name="Port 2 (X1 P2)" SlotNr="2" PortTypeRefId="143"/></Interface></Device><Device ID="178" Name="C01IM1" ObjID="116" IP="172.25.212.68" DeviceTypeRefId="179" MLFB="TN197330" IsSharedDevice="1" PrimaryAssignment="1" RTClass3Type="RT" SupportRTClass3="1" Station="API" DeviceID="21823745" SubsystemID="100" DeviceNo="68" SubnetRefId="13" PNControllerRefId="14"><Interface ID="180" Name="C01IM1" ObjID="117" InterfaceTypeRefId="181"><Port ID="182" ObjID="119" Name="Port 1 (X1 TP1 R)" SlotNr="1" IsRingCapable="1" PortTypeRefId="183" IsPortAssigned="1"/><Port ID="184" ObjID="118" Name="Port 2 (X1 TP2 R)" SlotNr="2" IsRingCapable="1" PortTypeRefId="183" IsPortAssigned="1"/></Interface></Device><Device ID="185" Name="B02IM1" ObjID="103" IP="172.25.212.64" DeviceTypeRefId="186" MLFB="TN197330" IsSharedDevice="1" PrimaryAssignment="1" RTClass3Type="RT" SupportRTClass3="1" Station="API" DeviceID="21823745" SubsystemID="100" DeviceNo="64" SubnetRefId="13" PNControllerRefId="14"><Interface ID="187" Name="B02IM1" ObjID="104" InterfaceTypeRefId="188"><Port ID="189" ObjID="106" Name="Port 1 (X1 TP1 R)" SlotNr="1" IsRingCapable="1" PortTypeRefId="190" IsPortAssigned="1"/><Port ID="191" ObjID="107" Name="Port 2 (X1 TP2 R)" SlotNr="2" IsRingCapable="1" PortTypeRefId="190" IsPortAssigned="1"/></Interface></Device><Device ID="192" Name="B01IM1" ObjID="90" IP="172.25.212.63" DeviceTypeRefId="193" MLFB="TN197330" IsSharedDevice="1" PrimaryAssignment="1" RTClass3Type="RT" SupportRTClass3="1" Station="API" DeviceID="21823745" SubsystemID="100" DeviceNo="63" SubnetRefId="13" PNControllerRefId="14"><Interface ID="194" Name="B01IM1" ObjID="91" InterfaceTypeRefId="195"><Port ID="196" ObjID="93" Name="Port 1 (X1 TP1 R)" SlotNr="1" IsRingCapable="1" PortTypeRefId="197" IsPortAssigned="1"/><Port ID="198" ObjID="92" Name="Port 2 (X1 TP2 R)" SlotNr="2" IsRingCapable="1" PortTypeRefId="197" IsPortAssigned="1"/></Interface></Device><Device ID="199" Name="A02IM1" ObjID="77" IP="172.25.212.61" DeviceTypeRefId="200" MLFB="TN197330" IsSharedDevice="1" PrimaryAssignment="1" RTClass3Type="RT" SupportRTClass3="1" Station="API" DeviceID="21823745" SubsystemID="100" DeviceNo="61" SubnetRefId="13" PNControllerRefId="14"><Interface ID="201" Name="A02IM1" ObjID="78" InterfaceTypeRefId="202"><Port ID="203" ObjID="80" Name="Port 1 (X1 TP1 R)" SlotNr="1" IsRingCapable="1" PortTypeRefId="204" IsPortAssigned="1"/><Port ID="205" ObjID="79" Name="Port 2 (X1 TP2 R)" SlotNr="2" IsRingCapable="1" PortTypeRefId="204" IsPortAssigned="1"/></Interface></Device><Device ID="206" Name="Z1SAP2" ObjID="70" IP="172.25.214.31" DeviceTypeRefId="207" MLFB="113614" Station="API" DeviceID="20250881" SubsystemID="100" DeviceNo="31" SubnetRefId="13" PNControllerRefId="14"><Interface ID="208" Name="Z1SAP2" ObjID="71" InterfaceTypeRefId="209"><Port ID="210" ObjID="73" Name="RJ45 10/100 MBit/s (P1)" SlotNr="1" PortTypeRefId="211"/><Port ID="212" ObjID="72" Name="RJ45 10/100 MBit/s (P2)" SlotNr="2" PortTypeRefId="211"/></Interface></Device><Device ID="213" Name="Z1SAP1" ObjID="63" IP="172.25.214.30" DeviceTypeRefId="214" MLFB="113614" Station="API" DeviceID="20250881" SubsystemID="100" DeviceNo="30" SubnetRefId="13" PNControllerRefId="14"><Interface ID="215" Name="Z1SAP1" ObjID="64" InterfaceTypeRefId="216"><Port ID="217" ObjID="66" Name="RJ45 10/100 MBit/s (P1)" SlotNr="1" PortTypeRefId="218"/><Port ID="219" ObjID="67" Name="RJ45 10/100 MBit/s (P2)" SlotNr="2" PortTypeRefId="218"/></Interface></Device><Device ID="220" Name="C1LAS" ObjID="57" IP="172.25.214.82" DeviceTypeRefId="221" Station="API" DeviceID="16850945" SubsystemID="100" DeviceNo="82" SubnetRefId="13" PNControllerRefId="14"><Interface ID="222" Name="C1LAS" ObjID="58" InterfaceTypeRefId="223"><Port ID="224" ObjID="60" Name="Port 1 (X1 P1)" SlotNr="1" IsRingCapable="1" PortTypeRefId="225"/><Port ID="226" ObjID="59" Name="Port 2 (X1 P2)" SlotNr="2" IsRingCapable="1" PortTypeRefId="225"/></Interface></Device><Device ID="227" Name="B1LAS" ObjID="51" IP="172.25.214.81" DeviceTypeRefId="228" Station="API" DeviceID="16850945" SubsystemID="100" DeviceNo="81" SubnetRefId="13" PNControllerRefId="14"><Interface ID="229" Name="B1LAS" ObjID="52" InterfaceTypeRefId="230"><Port ID="231" ObjID="54" Name="Port 1 (X1 P1)" SlotNr="1" IsRingCapable="1" PortTypeRefId="232"/><Port ID="233" ObjID="53" Name="Port 2 (X1 P2)" SlotNr="2" IsRingCapable="1" PortTypeRefId="232"/></Interface></Device><Device ID="234" Name="A1LAS" ObjID="45" IP="172.25.214.80" DeviceTypeRefId="235" Station="API" DeviceID="16850945" SubsystemID="100" DeviceNo="80" SubnetRefId="13" PNControllerRefId="14"><Interface ID="236" Name="A1LAS" ObjID="46" InterfaceTypeRefId="237"><Port ID="238" ObjID="48" Name="Port 1 (X1 P1)" SlotNr="1" IsRingCapable="1" PortTypeRefId="239"/><Port ID="240" ObjID="49" Name="Port 2 (X1 P2)" SlotNr="2" IsRingCapable="1" PortTypeRefId="239"/></Interface></Device><Device ID="241" Name="Z1-PN-IBS" ObjID="35" IP="172.25.214.201" DeviceTypeRefId="242" MLFB="2985974" Station="API" DeviceID="11534352" SubsystemID="100" DeviceNo="201" SubnetRefId="13" PNControllerRefId="14"><Interface ID="243" Name="Z1-PN-IBS" ObjID="36" InterfaceTypeRefId="244"><Port ID="245" ObjID="40" Name="Port 1 (X1 P1)" SlotNr="1" PortTypeRefId="246"/><Port ID="247" ObjID="39" Name="Port 2 (X2 P2)" SlotNr="2" PortTypeRefId="246"/><Port ID="248" ObjID="38" Name="Port 3 (X3 P3)" SlotNr="3" PortTypeRefId="246"/><Port ID="249" ObjID="37" Name="Port 4 (X4 P4)" SlotNr="4" PortTypeRefId="246"/></Interface></Device><Device ID="250" Name="B2RB" ObjID="29" IP="172.25.214.203" DeviceTypeRefId="251" MLFB="0" Station="API" DeviceID="24379393" SubsystemID="100" DeviceNo="203" SubnetRefId="13" PNControllerRefId="14"><Interface ID="252" Name="B2RB" ObjID="30" InterfaceTypeRefId="253"><Port ID="254" ObjID="32" Name="Port1 (X1 P1)" SlotNr="1" PortTypeRefId="255"/></Interface></Device><Device ID="256" Name="Z3SPA2" ObjID="22" IP="172.25.214.35" DeviceTypeRefId="257" MLFB="113615" Station="API" DeviceID="20250881" SubsystemID="100" DeviceNo="35" SubnetRefId="13" PNControllerRefId="14"><Interface ID="258" Name="Z3SPA2" ObjID="23" InterfaceTypeRefId="259"><Port ID="260" ObjID="25" Name="RJ45 10/100 MBit/s (P1)" SlotNr="1" PortTypeRefId="261"/><Port ID="262" ObjID="26" Name="RJ45 10/100 MBit/s (P2)" SlotNr="2" PortTypeRefId="261"/></Interface></Device><Device ID="263" Name="Z3SPA1" ObjID="15" IP="172.25.214.34" DeviceTypeRefId="264" MLFB="113615" Station="API" DeviceID="20250881" SubsystemID="100" DeviceNo="34" SubnetRefId="13" PNControllerRefId="14"><Interface ID="265" Name="Z3SPA1" ObjID="16" InterfaceTypeRefId="266"><Port ID="267" ObjID="18" Name="RJ45 10/100 MBit/s (P1)" SlotNr="1" PortTypeRefId="268"/><Port ID="269" ObjID="19" Name="RJ45 10/100 MBit/s (P2)" SlotNr="2" PortTypeRefId="268"/></Interface></Device><Device ID="270" Name="Z2SPA2" ObjID="8" IP="172.25.214.33" DeviceTypeRefId="271" MLFB="113615" Station="API" DeviceID="20250881" SubsystemID="100" DeviceNo="33" SubnetRefId="13" PNControllerRefId="14"><Interface ID="272" Name="Z2SPA2" ObjID="9" InterfaceTypeRefId="273"><Port ID="274" ObjID="11" Name="RJ45 10/100 MBit/s (P1)" SlotNr="1" PortTypeRefId="275"/><Port ID="276" ObjID="10" Name="RJ45 10/100 MBit/s (P2)" SlotNr="2" PortTypeRefId="275"/></Interface></Device><Device ID="277" Name="Z2SPA1" ObjID="1" IP="172.25.214.32" DeviceTypeRefId="278" MLFB="113615" Station="API" DeviceID="20250881" SubsystemID="100" DeviceNo="32" SubnetRefId="13" PNControllerRefId="14"><Interface ID="279" Name="Z2SPA1" ObjID="2" InterfaceTypeRefId="280"><Port ID="281" ObjID="4" Name="RJ45 10/100 MBit/s (P1)" SlotNr="1" PortTypeRefId="282"/><Port ID="283" ObjID="3" Name="RJ45 10/100 MBit/s (P2)" SlotNr="2" PortTypeRefId="282"/></Interface></Device><Device ID="284" Name="General-IE" IP="172.25.212.2" ObjID="1" DeviceTypeRefId="285" MLFB="IE_CP" StationRefId="286" StationPos="1" Station="MOP" DeviceID="2753026" SubnetRefId="13"><Interface ID="288"><Port ID="289" Name="Puerto estándar" WiringTypeRefId="1"/></Interface></Device><Device ID="286" ObjID="5" Name="MOP" DeviceTypeRefId="287"><Interface ID="290" ObjID="1" Name="Gestionnaire de station" InterfaceTypeRefId="291" ODString="00146052, 00000001, 00000000, 00000000, 00112001, 0000008e, 00000000"/></Device></UsedDevicesStep7></Project></TopologieFile>
