<TopologieFile Version="V5.5 + SP2" NextFreeID="192"><WiringTypes><WiringType ID="1" Class="0" Name="Cobre"/></WiringTypes><Project ID="2" Name="CDCX52_Cordoba" ProjPath="C:\Step7prj\CDCX52_Cordoba" EnvID="26" EnvType="1122305"><AvailableSubnetsStep7><Subnet ID="3" Name="Profinet"/><Subnet ID="182" Name="Pilotage N2"/></AvailableSubnetsStep7><AvailableDeviceTypesStep7><DeviceType ID="5" ObjType="1316803" Name="CPX" Webable="1"><GraphLayout BitMapPath="C:\Program Files\Siemens\Step7\S7data\Nsbmp\GSDML-014D-0101-CPX.bmp"/><InterfaceType ID="7" ObjType="1316804"><PortType ID="9" ObjType="1316846" WiringTypeRefId="1"/></InterfaceType></DeviceType><DeviceType ID="12" ObjType="1316803" Name="CPX" Webable="1"><GraphLayout BitMapPath="C:\Program Files\Siemens\Step7\S7data\Nsbmp\GSDML-014D-0101-CPX.bmp"/><InterfaceType ID="14" ObjType="1316804"><PortType ID="16" ObjType="1316846" WiringTypeRefId="1"/></InterfaceType></DeviceType><DeviceType ID="19" ObjType="1316803" Name="CPX" Webable="1"><GraphLayout BitMapPath="C:\Program Files\Siemens\Step7\S7data\Nsbmp\GSDML-014D-0101-CPX.bmp"/><InterfaceType ID="21" ObjType="1316804"><PortType ID="23" ObjType="1316846" WiringTypeRefId="1"/></InterfaceType></DeviceType><DeviceType ID="26" ObjType="1316803" Name="CPX" Webable="1"><GraphLayout BitMapPath="C:\Program Files\Siemens\Step7\S7data\Nsbmp\GSDML-014D-0101-CPX.bmp"/><InterfaceType ID="28" ObjType="1316804"><PortType ID="30" ObjType="1316846" WiringTypeRefId="1"/></InterfaceType></DeviceType><DeviceType ID="33" ObjType="2364207" Name="IM151-3PN" Webable="1"><GraphLayout BitMapPath="C:\Program Files\Siemens\Step7\S7data\Nsbmp\ET200S1N.BMP"/><InterfaceType ID="35" ObjType="2364208"><PortType ID="37" ObjType="2364210" WiringTypeRefId="1"/><PortType ID="39" ObjType="2364211" WiringTypeRefId="1"/></InterfaceType></DeviceType><DeviceType ID="41" ObjType="2367561" Name="SCALANCE-X208" Webable="1"><GraphLayout BitMapPath="C:\Program Files\Siemens\Step7\S7data\Nsbmp\GSDML_002A_SCALANCEX208.bmp"/><InterfaceType ID="43" ObjType="1316804"><PortType ID="45" ObjType="1316846" WiringTypeRefId="1"/></InterfaceType></DeviceType><DeviceType ID="54" ObjType="2364467" Name="IM151-3PN" Webable="1"><GraphLayout BitMapPath="C:\Program Files\Siemens\Step7\S7data\Nsbmp\ET200S1N.BMP"/><InterfaceType ID="56" ObjType="2364468"><PortType ID="58" ObjType="2364470" WiringTypeRefId="1"/></InterfaceType></DeviceType><DeviceType ID="79" ObjType="2364818" Name="CPU 319F-3 PN/DP" Webable="1"><InterfaceType ID="83" ObjType="2364815"><PortType ID="85" ObjType="2364819" WiringTypeRefId="1"/></InterfaceType></DeviceType><DeviceType ID="81" ObjType="1314969"><GraphLayout BitMapPath="SIMATIC300.bmp"/></DeviceType><DeviceType ID="88" ObjType="1335471" Name="IE General" Webable="1"/><DeviceType ID="90" ObjType="1315651"><GraphLayout BitMapPath="PC.bmp"/><InterfaceType ID="191" ObjType="1335378"/></DeviceType><DeviceType ID="94" ObjType="2367010" Name="IM154-4PN" Webable="1"><GraphLayout BitMapPath="C:\Program Files\Siemens\Step7\S7data\Nsbmp\ET200pro_f.BMP"/><InterfaceType ID="96" ObjType="2367014"><PortType ID="98" ObjType="2367016" WiringTypeRefId="1"/><PortType ID="100" ObjType="2367017" WiringTypeRefId="1"/></InterfaceType></DeviceType><DeviceType ID="106" ObjType="2364362" Name="IM151-3PN" Webable="1"><GraphLayout BitMapPath="C:\Program Files\Siemens\Step7\S7data\Nsbmp\ET200S1N.BMP"/><InterfaceType ID="108" ObjType="2364363"><PortType ID="110" ObjType="2364365" WiringTypeRefId="1"/></InterfaceType></DeviceType><DeviceType ID="141" ObjType="1316803" Name="CPX" Webable="1"><GraphLayout BitMapPath="C:\Program Files\Siemens\Step7\S7data\Nsbmp\GSDML-014D-0101-CPX.bmp"/><InterfaceType ID="143" ObjType="1316804"><PortType ID="145" ObjType="1316846" WiringTypeRefId="1"/></InterfaceType></DeviceType><DeviceType ID="148" ObjType="1316803" Name="CPX" Webable="1"><GraphLayout BitMapPath="C:\Program Files\Siemens\Step7\S7data\Nsbmp\GSDML-014D-0101-CPX.bmp"/><InterfaceType ID="150" ObjType="1316804"><PortType ID="152" ObjType="1316846" WiringTypeRefId="1"/></InterfaceType></DeviceType><DeviceType ID="155" ObjType="1316803" Name="CPX" Webable="1"><GraphLayout BitMapPath="C:\Program Files\Siemens\Step7\S7data\Nsbmp\GSDML-014D-0101-CPX.bmp"/><InterfaceType ID="157" ObjType="1316804"><PortType ID="159" ObjType="1316846" WiringTypeRefId="1"/></InterfaceType></DeviceType><DeviceType ID="162" ObjType="1316803" Name="CPX" Webable="1"><GraphLayout BitMapPath="C:\Program Files\Siemens\Step7\S7data\Nsbmp\GSDML-014D-0101-CPX.bmp"/><InterfaceType ID="164" ObjType="1316804"><PortType ID="166" ObjType="1316846" WiringTypeRefId="1"/></InterfaceType></DeviceType><DeviceType ID="169" ObjType="1316803" Name="CPX" Webable="1"><GraphLayout BitMapPath="C:\Program Files\Siemens\Step7\S7data\Nsbmp\GSDML-014D-0101-CPX.bmp"/><InterfaceType ID="171" ObjType="1316804"><PortType ID="173" ObjType="1316846" WiringTypeRefId="1"/></InterfaceType></DeviceType><DeviceType ID="176" ObjType="1316803" Name="CPX" Webable="1"><GraphLayout BitMapPath="C:\Program Files\Siemens\Step7\S7data\Nsbmp\GSDML-014D-0101-CPX.bmp"/><InterfaceType ID="178" ObjType="1316804"><PortType ID="180" ObjType="1316846" WiringTypeRefId="1"/></InterfaceType></DeviceType><DeviceType ID="184" ObjType="2367507" Name="CP 343-1 Lean" Webable="1"><InterfaceType ID="186" ObjType="2367506"><PortType ID="188" ObjType="2367508" WiringTypeRefId="1"/></InterfaceType></DeviceType></AvailableDeviceTypesStep7><UsedDevicesStep7><Device ID="4" Name="C02IM3" ObjID="755" IP="172.25.214.191" DeviceTypeRefId="5" MLFB="TN197330" IsSharedDevice="1" PrimaryAssignment="1" RTClass3Type="RT" SupportRTClass3="1" Station="API" DeviceID="21823745" SubsystemID="100" DeviceNo="191" SubnetRefId="3" PNControllerRefId="78"><Interface ID="6" Name="C02IM3" ObjID="756" InterfaceTypeRefId="7"><Port ID="8" ObjID="758" Name="Port 1 (X1 TP1 R)" SlotNr="1" IsRingCapable="1" PortTypeRefId="9" IsPortAssigned="1"/><Port ID="10" ObjID="759" Name="Port 2 (X1 TP2 R)" SlotNr="2" IsRingCapable="1" PortTypeRefId="9" IsPortAssigned="1"/></Interface></Device><Device ID="11" Name="C02IM2" ObjID="735" IP="172.25.214.190" DeviceTypeRefId="12" MLFB="TN197330" IsSharedDevice="1" PrimaryAssignment="1" RTClass3Type="RT" SupportRTClass3="1" Station="API" DeviceID="21823745" SubsystemID="100" DeviceNo="190" SubnetRefId="3" PNControllerRefId="78"><Interface ID="13" Name="C02IM2" ObjID="736" InterfaceTypeRefId="14"><Port ID="15" ObjID="738" Name="Port 1 (X1 TP1 R)" SlotNr="1" IsRingCapable="1" PortTypeRefId="16" IsPortAssigned="1"/><Port ID="17" ObjID="739" Name="Port 2 (X1 TP2 R)" SlotNr="2" IsRingCapable="1" PortTypeRefId="16" IsPortAssigned="1"/></Interface></Device><Device ID="18" Name="A01IM3" ObjID="687" IP="172.25.214.111" DeviceTypeRefId="19" MLFB="TN197330" IsSharedDevice="1" PrimaryAssignment="1" RTClass3Type="RT" SupportRTClass3="1" Station="API" DeviceID="21823745" SubsystemID="100" DeviceNo="111" SubnetRefId="3" PNControllerRefId="78"><Interface ID="20" Name="A01IM3" ObjID="688" InterfaceTypeRefId="21"><Port ID="22" ObjID="690" Name="Port 1 (X1 TP1 R)" SlotNr="1" IsRingCapable="1" PortTypeRefId="23" IsPortAssigned="1"/><Port ID="24" ObjID="691" Name="Port 2 (X1 TP2 R)" SlotNr="2" IsRingCapable="1" PortTypeRefId="23" IsPortAssigned="1"/></Interface></Device><Device ID="25" Name="A01IM2" ObjID="677" IP="172.25.214.110" DeviceTypeRefId="26" MLFB="TN197330" IsSharedDevice="1" PrimaryAssignment="1" RTClass3Type="RT" SupportRTClass3="1" Station="API" DeviceID="21823745" SubsystemID="100" DeviceNo="110" SubnetRefId="3" PNControllerRefId="78"><Interface ID="27" Name="A01IM2" ObjID="678" InterfaceTypeRefId="28"><Port ID="29" ObjID="680" Name="Port 1 (X1 TP1 R)" SlotNr="1" IsRingCapable="1" PortTypeRefId="30" IsPortAssigned="1"/><Port ID="31" ObjID="681" Name="Port 2 (X1 TP2 R)" SlotNr="2" IsRingCapable="1" PortTypeRefId="30" IsPortAssigned="1"/></Interface></Device><Device ID="32" Name="Z1ZB" ObjID="84" IP="172.25.214.10" DeviceTypeRefId="33" MLFB="6ES7151-3BA22-0AB0" Station="API" DeviceID="2753281" SubsystemID="100" DeviceNo="10" SubnetRefId="3" PNControllerRefId="78"><Interface ID="34" Name="Z1ZB" ObjID="85" InterfaceTypeRefId="35"><Port ID="36" ObjID="87" Name="Port 1 (X1 P1)" SlotNr="1" PortTypeRefId="37"/><Port ID="38" ObjID="88" Name="Port 2 (X1 P2)" SlotNr="2" PortTypeRefId="39"/></Interface></Device><Device ID="40" Name="Z1SW" ObjID="1" IP="172.25.214.11" DeviceTypeRefId="41" MLFB="6GK5208-0BA10-2AA3" Station="API" DeviceID="2755073" SubsystemID="100" DeviceNo="11" SubnetRefId="3" PNControllerRefId="78"><Interface ID="42" Name="Z1SW" ObjID="215" InterfaceTypeRefId="43"><Port ID="44" ObjID="223" Name="Port 1 - RJ45 (X1 P1)" SlotNr="1" IsRingCapable="1" PortTypeRefId="45"/><Port ID="46" ObjID="222" Name="Port 2 - RJ45 (X1 P2)" SlotNr="2" IsRingCapable="1" PortTypeRefId="45"/><Port ID="47" ObjID="221" Name="Port 3 - RJ45 (X1 P3)" SlotNr="3" IsRingCapable="1" PortTypeRefId="45"/><Port ID="48" ObjID="220" Name="Port 4 - RJ45 (X1 P4)" SlotNr="4" IsRingCapable="1" PortTypeRefId="45"/><Port ID="49" ObjID="219" Name="Port 5 - RJ45 (X1 P5)" SlotNr="5" IsRingCapable="1" PortTypeRefId="45"/><Port ID="50" ObjID="218" Name="Port 6 - RJ45 (X1 P6)" SlotNr="6" IsRingCapable="1" PortTypeRefId="45"/><Port ID="51" ObjID="217" Name="Port 7 - RJ45 (X1 P7)" SlotNr="7" IsRingCapable="1" PortTypeRefId="45"/><Port ID="52" ObjID="216" Name="Port 8 - RJ45 (X1 P8)" SlotNr="8" IsRingCapable="1" PortTypeRefId="45"/></Interface></Device><Device ID="53" Name="MOP-IM" ObjID="1" IP="172.25.214.3" DeviceTypeRefId="54" MLFB="6ES7151-3AA23-0AB0" RTClass3Type="RT" SupportRTClass3="1" Station="API" DeviceID="2753281" SubsystemID="100" DeviceNo="3" SubnetRefId="3" PNControllerRefId="78"><Interface ID="55" Name="MOP-IM" ObjID="2" InterfaceTypeRefId="56"><Port ID="57" ObjID="2" Name="Port 1 (X1 P1)" SlotNr="1" PortTypeRefId="58"/><Port ID="59" ObjID="1" Name="Port 2 (X1 P2)" SlotNr="2" PortTypeRefId="58"/></Interface></Device><Device ID="60" Name="MOP-SW" ObjID="3" IP="172.25.214.2" DeviceTypeRefId="41" MLFB="6GK5216-0BA00-2AA3" Station="API" DeviceID="2755073" SubsystemID="100" DeviceNo="2" SubnetRefId="3" PNControllerRefId="78"><Interface ID="61" Name="MOP-SW" ObjID="224" InterfaceTypeRefId="43"><Port ID="62" ObjID="240" Name="Port 1 - RJ45 (X1 P1)" SlotNr="1" IsRingCapable="1" PortTypeRefId="45"/><Port ID="63" ObjID="239" Name="Port 2 - RJ45 (X1 P2)" SlotNr="2" IsRingCapable="1" PortTypeRefId="45"/><Port ID="64" ObjID="238" Name="Port 3 - RJ45 (X1 P3)" SlotNr="3" IsRingCapable="1" PortTypeRefId="45"/><Port ID="65" ObjID="237" Name="Port 4 - RJ45 (X1 P4)" SlotNr="4" IsRingCapable="1" PortTypeRefId="45"/><Port ID="66" ObjID="236" Name="Port 5 - RJ45 (X1 P5)" SlotNr="5" IsRingCapable="1" PortTypeRefId="45"/><Port ID="67" ObjID="235" Name="Port 6 - RJ45 (X1 P6)" SlotNr="6" IsRingCapable="1" PortTypeRefId="45"/><Port ID="68" ObjID="234" Name="Port 7 - RJ45 (X1 P7)" SlotNr="7" IsRingCapable="1" PortTypeRefId="45"/><Port ID="69" ObjID="233" Name="Port 8 - RJ45 (X1 P8)" SlotNr="8" IsRingCapable="1" PortTypeRefId="45"/><Port ID="70" ObjID="232" Name="Port 9 - RJ45 (X1 P9)" SlotNr="9" PortTypeRefId="45"/><Port ID="71" ObjID="231" Name="Port 10 - RJ45 (X1 P10)" SlotNr="10" PortTypeRefId="45"/><Port ID="72" ObjID="230" Name="Port 11 - RJ45 (X1 P11)" SlotNr="11" PortTypeRefId="45"/><Port ID="73" ObjID="229" Name="Port 12 - RJ45 (X1 P12)" SlotNr="12" PortTypeRefId="45"/><Port ID="74" ObjID="228" Name="Port 13 - RJ45 (X1 P13)" SlotNr="13" PortTypeRefId="45"/><Port ID="75" ObjID="227" Name="Port 14 - RJ45 (X1 P14)" SlotNr="14" PortTypeRefId="45"/><Port ID="76" ObjID="226" Name="Port 15 - RJ45 (X1 P15)" SlotNr="15" PortTypeRefId="45"/><Port ID="77" ObjID="225" Name="Port 16 - RJ45 (X1 P16)" SlotNr="16" PortTypeRefId="45"/></Interface></Device><Device ID="78" Name="PN-IO(CPU)" DiagHeader="1" ObjID="45" IP="172.25.214.1" DeviceTypeRefId="79" MLFB="6ES7318-3FL01-0AB0" RTClass3Type="RT" SupportRTClass3="1" StationRefId="80" StationPos="2" Station="API" DeviceID="2752769" PNControllerRefId="78" DeviceNo="0" SubnetRefId="3" IsInterface="1"><Interface ID="82" Name="CPU" ObjID="1" InterfaceTypeRefId="83"><Port ID="84" ObjID="243" Name="Port 1 (X3 P1 R)" SlotNr="1" IsRingCapable="1" PortTypeRefId="85"/><Port ID="86" ObjID="244" Name="Port 2 (X3 P2 R)" SlotNr="2" IsRingCapable="1" PortTypeRefId="85"/></Interface></Device><Device ID="80" ObjID="4" Name="API" DeviceTypeRefId="81"/><Device ID="87" Name="General-IE" IP="172.25.212.2" ObjID="1" DeviceTypeRefId="88" MLFB="IE_CP" StationRefId="89" StationPos="1" Station="MOP" DeviceID="2753026" SubnetRefId="3"><Interface ID="91"><Port ID="92" Name="Puerto estándar" WiringTypeRefId="1"/></Interface></Device><Device ID="89" ObjID="1" Name="MOP" DeviceTypeRefId="90"><Interface ID="190" ObjID="2" Name="Gestionnaire de station" InterfaceTypeRefId="191" ODString="00146052, 00000002, 00000000, 00000000, 00112001, 0000001a, 00000000"/></Device><Device ID="93" Name="B01IM1" ObjID="26" IP="172.25.214.120" DeviceTypeRefId="94" MLFB="6ES7154-4AB10-0AB0" Station="API" DeviceID="2753285" SubsystemID="100" DeviceNo="120" SubnetRefId="3" PNControllerRefId="78"><Interface ID="95" Name="B01IM1" ObjID="27" InterfaceTypeRefId="96"><Port ID="97" ObjID="29" Name="Port 1 (X2 P1)" SlotNr="1" PortTypeRefId="98"/><Port ID="99" ObjID="30" Name="Port 2 (X2 P2)" SlotNr="2" PortTypeRefId="100"/></Interface></Device><Device ID="101" Name="A01IM1" ObjID="31" IP="172.25.214.100" DeviceTypeRefId="94" MLFB="6ES7154-4AB10-0AB0" Station="API" DeviceID="2753285" SubsystemID="100" DeviceNo="100" SubnetRefId="3" PNControllerRefId="78"><Interface ID="102" Name="A01IM1" ObjID="32" InterfaceTypeRefId="96"><Port ID="103" ObjID="34" Name="Port 1 (X2 P1)" SlotNr="1" PortTypeRefId="98"/><Port ID="104" ObjID="33" Name="Port 2 (X2 P2)" SlotNr="2" PortTypeRefId="100"/></Interface></Device><Device ID="105" Name="B01SB" ObjID="67" IP="172.25.214.21" DeviceTypeRefId="106" MLFB="6ES7151-3BA23-0AB0" RTClass3Type="RT" SupportRTClass3="1" Station="API" DeviceID="2753281" SubsystemID="100" DeviceNo="21" SubnetRefId="3" PNControllerRefId="78"><Interface ID="107" Name="B01SB" ObjID="68" InterfaceTypeRefId="108"><Port ID="109" ObjID="33" Name="Port 1 (X1 P1)" SlotNr="1" PortTypeRefId="110"/><Port ID="111" ObjID="32" Name="Port 2 (X1 P2)" SlotNr="2" PortTypeRefId="110"/></Interface></Device><Device ID="112" Name="A01SB" ObjID="70" IP="172.25.214.20" DeviceTypeRefId="33" MLFB="6ES7151-3BA22-0AB0" Station="API" DeviceID="2753281" SubsystemID="100" DeviceNo="20" SubnetRefId="3" PNControllerRefId="78"><Interface ID="113" Name="A01SB" ObjID="71" InterfaceTypeRefId="35"><Port ID="114" ObjID="73" Name="Port 1 (X1 P1)" SlotNr="1" PortTypeRefId="37"/><Port ID="115" ObjID="74" Name="Port 2 (X1 P2)" SlotNr="2" PortTypeRefId="39"/></Interface></Device><Device ID="116" Name="B02IM1" ObjID="36" IP="172.25.214.160" DeviceTypeRefId="94" MLFB="6ES7154-4AB10-0AB0" Station="API" DeviceID="2753285" SubsystemID="100" DeviceNo="160" SubnetRefId="3" PNControllerRefId="78"><Interface ID="117" Name="B02IM1" ObjID="37" InterfaceTypeRefId="96"><Port ID="118" ObjID="39" Name="Port 1 (X2 P1)" SlotNr="1" PortTypeRefId="98"/><Port ID="119" ObjID="40" Name="Port 2 (X2 P2)" SlotNr="2" PortTypeRefId="100"/></Interface></Device><Device ID="120" Name="B02SB" ObjID="75" IP="172.25.214.23" DeviceTypeRefId="106" MLFB="6ES7151-3BA23-0AB0" RTClass3Type="RT" SupportRTClass3="1" Station="API" DeviceID="2753281" SubsystemID="100" DeviceNo="23" SubnetRefId="3" PNControllerRefId="78"><Interface ID="121" Name="B02SB" ObjID="76" InterfaceTypeRefId="108"><Port ID="122" ObjID="35" Name="Port 1 (X1 P1)" SlotNr="1" PortTypeRefId="110"/><Port ID="123" ObjID="34" Name="Port 2 (X1 P2)" SlotNr="2" PortTypeRefId="110"/></Interface></Device><Device ID="124" Name="C01SB" ObjID="78" IP="172.25.214.22" DeviceTypeRefId="106" MLFB="6ES7151-3BA23-0AB0" RTClass3Type="RT" SupportRTClass3="1" Station="API" DeviceID="2753281" SubsystemID="100" DeviceNo="22" SubnetRefId="3" PNControllerRefId="78"><Interface ID="125" Name="C01SB" ObjID="79" InterfaceTypeRefId="108"><Port ID="126" ObjID="36" Name="Port 1 (X1 P1)" SlotNr="1" PortTypeRefId="110"/><Port ID="127" ObjID="37" Name="Port 2 (X1 P2)" SlotNr="2" PortTypeRefId="110"/></Interface></Device><Device ID="128" Name="C01IM1" ObjID="41" IP="172.25.214.140" DeviceTypeRefId="94" MLFB="6ES7154-4AB10-0AB0" Station="API" DeviceID="2753285" SubsystemID="100" DeviceNo="140" SubnetRefId="3" PNControllerRefId="78"><Interface ID="129" Name="C01IM1" ObjID="42" InterfaceTypeRefId="96"><Port ID="130" ObjID="44" Name="Port 1 (X2 P1)" SlotNr="1" PortTypeRefId="98"/><Port ID="131" ObjID="43" Name="Port 2 (X2 P2)" SlotNr="2" PortTypeRefId="100"/></Interface></Device><Device ID="132" Name="C02SB" ObjID="81" IP="172.25.214.24" DeviceTypeRefId="106" MLFB="6ES7151-3BA23-0AB0" RTClass3Type="RT" SupportRTClass3="1" Station="API" DeviceID="2753281" SubsystemID="100" DeviceNo="24" SubnetRefId="3" PNControllerRefId="78"><Interface ID="133" Name="C02SB" ObjID="82" InterfaceTypeRefId="108"><Port ID="134" ObjID="38" Name="Port 1 (X1 P1)" SlotNr="1" PortTypeRefId="110"/><Port ID="135" ObjID="39" Name="Port 2 (X1 P2)" SlotNr="2" PortTypeRefId="110"/></Interface></Device><Device ID="136" Name="C02IM1" ObjID="46" IP="172.25.214.180" DeviceTypeRefId="94" MLFB="6ES7154-4AB10-0AB0" Station="API" DeviceID="2753285" SubsystemID="100" DeviceNo="180" SubnetRefId="3" PNControllerRefId="78"><Interface ID="137" Name="C02IM1" ObjID="47" InterfaceTypeRefId="96"><Port ID="138" ObjID="49" Name="Port 1 (X2 P1)" SlotNr="1" PortTypeRefId="98"/><Port ID="139" ObjID="48" Name="Port 2 (X2 P2)" SlotNr="2" PortTypeRefId="100"/></Interface></Device><Device ID="140" Name="B01IM2" ObjID="701" IP="172.25.214.130" DeviceTypeRefId="141" MLFB="TN197330" IsSharedDevice="1" PrimaryAssignment="1" RTClass3Type="RT" SupportRTClass3="1" Station="API" DeviceID="21823745" SubsystemID="100" DeviceNo="130" SubnetRefId="3" PNControllerRefId="78"><Interface ID="142" Name="B01IM2" ObjID="702" InterfaceTypeRefId="143"><Port ID="144" ObjID="704" Name="Port 1 (X1 TP1 R)" SlotNr="1" IsRingCapable="1" PortTypeRefId="145" IsPortAssigned="1"/><Port ID="146" ObjID="705" Name="Port 2 (X1 TP2 R)" SlotNr="2" IsRingCapable="1" PortTypeRefId="145" IsPortAssigned="1"/></Interface></Device><Device ID="147" Name="B01IM3" ObjID="724" IP="172.25.214.131" DeviceTypeRefId="148" MLFB="TN197330" IsSharedDevice="1" PrimaryAssignment="1" RTClass3Type="RT" SupportRTClass3="1" Station="API" DeviceID="21823745" SubsystemID="100" DeviceNo="131" SubnetRefId="3" PNControllerRefId="78"><Interface ID="149" Name="B01IM3" ObjID="725" InterfaceTypeRefId="150"><Port ID="151" ObjID="727" Name="Port 1 (X1 TP1 R)" SlotNr="1" IsRingCapable="1" PortTypeRefId="152" IsPortAssigned="1"/><Port ID="153" ObjID="726" Name="Port 2 (X1 TP2 R)" SlotNr="2" IsRingCapable="1" PortTypeRefId="152" IsPortAssigned="1"/></Interface></Device><Device ID="154" Name="C01IM2" ObjID="767" IP="172.25.214.150" DeviceTypeRefId="155" MLFB="TN197330" IsSharedDevice="1" PrimaryAssignment="1" RTClass3Type="RT" SupportRTClass3="1" Station="API" DeviceID="21823745" SubsystemID="100" DeviceNo="150" SubnetRefId="3" PNControllerRefId="78"><Interface ID="156" Name="C01IM2" ObjID="768" InterfaceTypeRefId="157"><Port ID="158" ObjID="770" Name="Port 1 (X1 TP1 R)" SlotNr="1" IsRingCapable="1" PortTypeRefId="159" IsPortAssigned="1"/><Port ID="160" ObjID="771" Name="Port 2 (X1 TP2 R)" SlotNr="2" IsRingCapable="1" PortTypeRefId="159" IsPortAssigned="1"/></Interface></Device><Device ID="161" Name="C01IM3" ObjID="779" IP="172.25.214.151" DeviceTypeRefId="162" MLFB="TN197330" IsSharedDevice="1" PrimaryAssignment="1" RTClass3Type="RT" SupportRTClass3="1" Station="API" DeviceID="21823745" SubsystemID="100" DeviceNo="151" SubnetRefId="3" PNControllerRefId="78"><Interface ID="163" Name="C01IM3" ObjID="780" InterfaceTypeRefId="164"><Port ID="165" ObjID="782" Name="Port 1 (X1 TP1 R)" SlotNr="1" IsRingCapable="1" PortTypeRefId="166" IsPortAssigned="1"/><Port ID="167" ObjID="783" Name="Port 2 (X1 TP2 R)" SlotNr="2" IsRingCapable="1" PortTypeRefId="166" IsPortAssigned="1"/></Interface></Device><Device ID="168" Name="B02IM2" ObjID="790" IP="172.25.214.170" DeviceTypeRefId="169" MLFB="TN197330" IsSharedDevice="1" PrimaryAssignment="1" RTClass3Type="RT" SupportRTClass3="1" Station="API" DeviceID="21823745" SubsystemID="100" DeviceNo="170" SubnetRefId="3" PNControllerRefId="78"><Interface ID="170" Name="B02IM2" ObjID="798" InterfaceTypeRefId="171"><Port ID="172" ObjID="800" Name="Port 1 (X1 TP1 R)" SlotNr="1" IsRingCapable="1" PortTypeRefId="173" IsPortAssigned="1"/><Port ID="174" ObjID="799" Name="Port 2 (X1 TP2 R)" SlotNr="2" IsRingCapable="1" PortTypeRefId="173" IsPortAssigned="1"/></Interface></Device><Device ID="175" Name="B02IM3" ObjID="802" IP="172.25.214.171" DeviceTypeRefId="176" MLFB="TN197330" IsSharedDevice="1" PrimaryAssignment="1" RTClass3Type="RT" SupportRTClass3="1" Station="API" DeviceID="21823745" SubsystemID="100" DeviceNo="171" SubnetRefId="3" PNControllerRefId="78"><Interface ID="177" Name="B02IM3" ObjID="809" InterfaceTypeRefId="178"><Port ID="179" ObjID="811" Name="Port 1 (X1 TP1 R)" SlotNr="1" IsRingCapable="1" PortTypeRefId="180" IsPortAssigned="1"/><Port ID="181" ObjID="810" Name="Port 2 (X1 TP2 R)" SlotNr="2" IsRingCapable="1" PortTypeRefId="180" IsPortAssigned="1"/></Interface></Device><Device ID="183" Name="PilotageN2(Pilotage N2)" DiagHeader="1" ObjID="2" IP="10.215.160.44" DeviceTypeRefId="184" MLFB="6GK7343-1CX10-0XE0" StationRefId="80" StationPos="4" Station="API" DeviceID="2753027" DeviceNo="0" SubnetRefId="182" IsInterface="1"><Interface ID="185" Name="Pilotage N2" ObjID="1" InterfaceTypeRefId="186"><Port ID="187" ObjID="242" Name="Port 1 (X1 P1 R)" SlotNr="1" IsRingCapable="1" PortTypeRefId="188"/><Port ID="189" ObjID="241" Name="Port 2 (X1 P2 R)" SlotNr="2" IsRingCapable="1" PortTypeRefId="188"/></Interface></Device></UsedDevicesStep7></Project></TopologieFile>
