<TopologieFile Version="V5.5 + SP4" NextFreeID="198"><WiringTypes><WiringType ID="1" Class="0" Name="Cobre"/><WiringType ID="191" Name="Lichtwellenleiter" Class="18"/><WiringType ID="192" Name="Lichtwellenleiter" Class="13"/><WiringType ID="193" Name="Lichtwellenleiter" Class="46"/><WiringType ID="194" Name="Lichtwellenleiter" Class="54"/><WiringType ID="195" Name="Lichtwellenleiter" Class="24"/></WiringTypes><Project ID="2" Name="EC_HU60_S" ProjPath="C:\Step7prj\EC_HU60_" EnvID="8" EnvType="1122305"><AvailableSubnetsStep7><Subnet ID="3" Name="Pilotage N2"/><Subnet ID="13" Name="Profinet"/></AvailableSubnetsStep7><AvailableDeviceTypesStep7><DeviceType ID="5" ObjType="2367507" Name="CP 343-1 Lean" Webable="1"><InterfaceType ID="9" ObjType="2367506"><PortType ID="11" ObjType="2367508" WiringTypeRefId="1"/></InterfaceType></DeviceType><DeviceType ID="7" ObjType="1314969"><GraphLayout BitMapPath="SIMATIC300.bmp"/></DeviceType><DeviceType ID="15" ObjType="1335471" Name="IE General" Webable="1"/><DeviceType ID="17" ObjType="1315651"><GraphLayout BitMapPath="PC.bmp"/><InterfaceType ID="197" ObjType="1335378"/></DeviceType><DeviceType ID="21" ObjType="2364818" Name="CPU 319F-3 PN/DP" Webable="1"><InterfaceType ID="23" ObjType="2364815"><PortType ID="25" ObjType="2364819" WiringTypeRefId="1"/></InterfaceType></DeviceType><DeviceType ID="28" ObjType="2367561" Name="SCALANCE-X216" Webable="1"><GraphLayout BitMapPath="C:\Program Files (x86)\Siemens\Step7\S7data\Nsbmp\GSDML_002A_SCALANCEX216.bmp"/><InterfaceType ID="30" ObjType="1316804"><PortType ID="32" ObjType="1316846" WiringTypeRefId="1"/></InterfaceType></DeviceType><DeviceType ID="49" ObjType="1316803" Name="KP8F" Webable="1"><GraphLayout BitMapPath="C:\Program Files (x86)\Siemens\Step7\S7data\Nsbmp\BEBOKP8F.bmp"/><InterfaceType ID="51" ObjType="1316804"><PortType ID="53" ObjType="1316846" WiringTypeRefId="1"/></InterfaceType></DeviceType><DeviceType ID="56" ObjType="1316803" Name="CPX" Webable="1"><GraphLayout BitMapPath="C:\Program Files (x86)\Siemens\Step7\S7data\Nsbmp\GSDML-014D-0101-CPX.bmp"/><InterfaceType ID="58" ObjType="1316804"><PortType ID="60" ObjType="1316846" WiringTypeRefId="1"/></InterfaceType></DeviceType><DeviceType ID="63" ObjType="1316803" Name="CPX" Webable="1"><GraphLayout BitMapPath="C:\Program Files (x86)\Siemens\Step7\S7data\Nsbmp\GSDML-014D-0101-CPX.bmp"/><InterfaceType ID="65" ObjType="1316804"><PortType ID="67" ObjType="1316846" WiringTypeRefId="1"/></InterfaceType></DeviceType><DeviceType ID="70" ObjType="1316803" Name="CPX" Webable="1"><GraphLayout BitMapPath="C:\Program Files (x86)\Siemens\Step7\S7data\Nsbmp\GSDML-014D-0101-CPX.bmp"/><InterfaceType ID="72" ObjType="1316804"><PortType ID="74" ObjType="1316846" WiringTypeRefId="1"/></InterfaceType></DeviceType><DeviceType ID="77" ObjType="1316803" Name="CPX" Webable="1"><GraphLayout BitMapPath="C:\Program Files (x86)\Siemens\Step7\S7data\Nsbmp\GSDML-014D-0101-CPX.bmp"/><InterfaceType ID="79" ObjType="1316804"><PortType ID="81" ObjType="1316846" WiringTypeRefId="1"/></InterfaceType></DeviceType><DeviceType ID="84" ObjType="1316803" Name="CPX" Webable="1"><GraphLayout BitMapPath="C:\Program Files (x86)\Siemens\Step7\S7data\Nsbmp\GSDML-014D-0101-CPX.bmp"/><InterfaceType ID="86" ObjType="1316804"><PortType ID="88" ObjType="1316846" WiringTypeRefId="1"/></InterfaceType></DeviceType><DeviceType ID="91" ObjType="1316803" Name="CPX" Webable="1"><GraphLayout BitMapPath="C:\Program Files (x86)\Siemens\Step7\S7data\Nsbmp\GSDML-014D-0101-CPX.bmp"/><InterfaceType ID="93" ObjType="1316804"><PortType ID="95" ObjType="1316846" WiringTypeRefId="1"/></InterfaceType></DeviceType><DeviceType ID="98" ObjType="2364836" Name="IM151-3PN" Webable="1"><GraphLayout BitMapPath="C:\Program Files (x86)\Siemens\Step7\S7data\Nsbmp\ET200S_PN.BMP"/><InterfaceType ID="100" ObjType="2364837"><PortType ID="102" ObjType="2364839" WiringTypeRefId="1"/></InterfaceType></DeviceType><DeviceType ID="115" ObjType="1316803" Name="CPX" Webable="1"><GraphLayout BitMapPath="C:\Program Files (x86)\Siemens\Step7\S7data\Nsbmp\GSDML-014D-0101-CPX.bmp"/><InterfaceType ID="117" ObjType="1316804"><PortType ID="119" ObjType="1316846" WiringTypeRefId="1"/></InterfaceType></DeviceType><DeviceType ID="122" ObjType="1316803" Name="CPX" Webable="1"><GraphLayout BitMapPath="C:\Program Files (x86)\Siemens\Step7\S7data\Nsbmp\GSDML-014D-0101-CPX.bmp"/><InterfaceType ID="124" ObjType="1316804"><PortType ID="126" ObjType="1316846" WiringTypeRefId="1"/></InterfaceType></DeviceType><DeviceType ID="129" ObjType="1316803" Name="CPX" Webable="1"><GraphLayout BitMapPath="C:\Program Files (x86)\Siemens\Step7\S7data\Nsbmp\GSDML-014D-0101-CPX.bmp"/><InterfaceType ID="131" ObjType="1316804"><PortType ID="133" ObjType="1316846" WiringTypeRefId="1"/></InterfaceType></DeviceType><DeviceType ID="136" ObjType="1316803" Name="CPX" Webable="1"><GraphLayout BitMapPath="C:\Program Files (x86)\Siemens\Step7\S7data\Nsbmp\GSDML-014D-0101-CPX.bmp"/><InterfaceType ID="138" ObjType="1316804"><PortType ID="140" ObjType="1316846" WiringTypeRefId="1"/></InterfaceType></DeviceType><DeviceType ID="143" ObjType="1316803" Name="CPX" Webable="1"><GraphLayout BitMapPath="C:\Program Files (x86)\Siemens\Step7\S7data\Nsbmp\GSDML-014D-0101-CPX.bmp"/><InterfaceType ID="145" ObjType="1316804"><PortType ID="147" ObjType="1316846" WiringTypeRefId="1"/></InterfaceType></DeviceType><DeviceType ID="150" ObjType="1316803" Name="CPX" Webable="1"><GraphLayout BitMapPath="C:\Program Files (x86)\Siemens\Step7\S7data\Nsbmp\GSDML-014D-0101-CPX.bmp"/><InterfaceType ID="152" ObjType="1316804"><PortType ID="154" ObjType="1316846" WiringTypeRefId="1"/></InterfaceType></DeviceType><DeviceType ID="157" ObjType="1316803" Name="CPX" Webable="1"><GraphLayout BitMapPath="C:\Program Files (x86)\Siemens\Step7\S7data\Nsbmp\GSDML-014D-0101-CPX.bmp"/><InterfaceType ID="159" ObjType="1316804"><PortType ID="161" ObjType="1316846" WiringTypeRefId="1"/></InterfaceType></DeviceType><DeviceType ID="164" ObjType="1316803" Name="CPX" Webable="1"><GraphLayout BitMapPath="C:\Program Files (x86)\Siemens\Step7\S7data\Nsbmp\GSDML-014D-0101-CPX.bmp"/><InterfaceType ID="166" ObjType="1316804"><PortType ID="168" ObjType="1316846" WiringTypeRefId="1"/></InterfaceType></DeviceType><DeviceType ID="171" ObjType="1316803" Name="CPX" Webable="1"><GraphLayout BitMapPath="C:\Program Files (x86)\Siemens\Step7\S7data\Nsbmp\GSDML-014D-0101-CPX.bmp"/><InterfaceType ID="173" ObjType="1316804"><PortType ID="175" ObjType="1316846" WiringTypeRefId="1"/></InterfaceType></DeviceType><DeviceType ID="178" ObjType="1316803" Name="CPX" Webable="1"><GraphLayout BitMapPath="C:\Program Files (x86)\Siemens\Step7\S7data\Nsbmp\GSDML-014D-0101-CPX.bmp"/><InterfaceType ID="180" ObjType="1316804"><PortType ID="182" ObjType="1316846" WiringTypeRefId="1"/></InterfaceType></DeviceType><DeviceType ID="185" ObjType="1316803" Name="CPX" Webable="1"><GraphLayout BitMapPath="C:\Program Files (x86)\Siemens\Step7\S7data\Nsbmp\GSDML-014D-0101-CPX.bmp"/><InterfaceType ID="187" ObjType="1316804"><PortType ID="189" ObjType="1316846" WiringTypeRefId="1"/></InterfaceType></DeviceType></AvailableDeviceTypesStep7><UsedDevicesStep7><Device ID="4" Name="PilotageN2(Pilotage N2)" DiagHeader="1" ObjID="2" IP="10.215.160.103" DeviceTypeRefId="5" MLFB="6GK7343-1CX10-0XE0" StationRefId="6" StationPos="4" Station="API" DeviceID="2753027" DeviceNo="0" SubnetRefId="3" IsInterface="1"><Interface ID="8" Name="Pilotage N2" ObjID="1" InterfaceTypeRefId="9"><Port ID="10" ObjID="252" Name="Port 1 (X1 P1 R)" SlotNr="1" IsRingCapable="1" PortTypeRefId="11"/><Port ID="12" ObjID="253" Name="Port 2 (X1 P2 R)" SlotNr="2" IsRingCapable="1" PortTypeRefId="11"/></Interface></Device><Device ID="6" ObjID="4" Name="API" DeviceTypeRefId="7"><GraphLayout XPos="-191" YPos="-190" IsExpanded="1"/></Device><Device ID="14" Name="General-IE" ObjID="1" IP="172.25.212.2" DeviceTypeRefId="15" MLFB="IE_CP" StationRefId="16" StationPos="1" Station="MOP" DeviceID="2753026" DeviceNo="0" SubnetRefId="13"><Interface ID="18"><Port ID="19" Name="Puerto estándar" WiringTypeRefId="1" SlotNr="1"/></Interface></Device><Device ID="16" ObjID="1" Name="MOP" DeviceTypeRefId="17"><GraphLayout XPos="-109" YPos="-190" IsExpanded="1"/><Interface ID="196" ObjID="1" Name="Gestionnaire de station" InterfaceTypeRefId="197" ODString="00146052, 00000001, 00000000, 00000000, 00112001, 00000008, 00000000"/></Device><Device ID="20" Name="PN-IO(CPU)" DiagHeader="1" ObjID="23" IP="172.25.214.1" DeviceTypeRefId="21" MLFB="6ES7318-3FL01-0AB0" RTClass3Type="RT" SupportRTClass3="1" StationRefId="6" StationPos="2" Station="API" DeviceID="2752769" PNControllerRefId="20" DeviceNo="0" SubnetRefId="13" IsInterface="1"><Interface ID="22" Name="CPU" ObjID="1" InterfaceTypeRefId="23"><Port ID="24" ObjID="254" Name="Port 1 (X3 P1 R)" SlotNr="1" IsRingCapable="1" PortTypeRefId="25"/><Port ID="26" ObjID="255" Name="Port 2 (X3 P2 R)" SlotNr="2" IsRingCapable="1" PortTypeRefId="25"/></Interface></Device><Device ID="27" Name="mop-switch" ObjID="1" IP="172.25.214.2" DeviceTypeRefId="28" MLFB="6GK5216-0BA00-2AA3" Station="API" DeviceID="2755073" SubsystemID="100" DeviceNo="2" SubnetRefId="13" PNControllerRefId="20"><Interface ID="29" Name="mop-switch" ObjID="226" InterfaceTypeRefId="30"><Port ID="31" ObjID="227" Name="Port 1 - RJ45 (X1 P1)" SlotNr="1" IsRingCapable="1" PortTypeRefId="32"/><Port ID="33" ObjID="228" Name="Port 2 - RJ45 (X1 P2)" SlotNr="2" IsRingCapable="1" PortTypeRefId="32"/><Port ID="34" ObjID="229" Name="Port 3 - RJ45 (X1 P3)" SlotNr="3" IsRingCapable="1" PortTypeRefId="32"/><Port ID="35" ObjID="230" Name="Port 4 - RJ45 (X1 P4)" SlotNr="4" IsRingCapable="1" PortTypeRefId="32"/><Port ID="36" ObjID="231" Name="Port 5 - RJ45 (X1 P5)" SlotNr="5" IsRingCapable="1" PortTypeRefId="32"/><Port ID="37" ObjID="232" Name="Port 6 - RJ45 (X1 P6)" SlotNr="6" IsRingCapable="1" PortTypeRefId="32"/><Port ID="38" ObjID="233" Name="Port 7 - RJ45 (X1 P7)" SlotNr="7" IsRingCapable="1" PortTypeRefId="32"/><Port ID="39" ObjID="234" Name="Port 8 - RJ45 (X1 P8)" SlotNr="8" IsRingCapable="1" PortTypeRefId="32"/><Port ID="40" ObjID="235" Name="Port 9 - RJ45 (X1 P9)" SlotNr="9" PortTypeRefId="32"/><Port ID="41" ObjID="236" Name="Port 10 - RJ45 (X1 P10)" SlotNr="10" PortTypeRefId="32"/><Port ID="42" ObjID="237" Name="Port 11 - RJ45 (X1 P11)" SlotNr="11" PortTypeRefId="32"/><Port ID="43" ObjID="238" Name="Port 12 - RJ45 (X1 P12)" SlotNr="12" PortTypeRefId="32"/><Port ID="44" ObjID="239" Name="Port 13 - RJ45 (X1 P13)" SlotNr="13" PortTypeRefId="32"/><Port ID="45" ObjID="240" Name="Port 14 - RJ45 (X1 P14)" SlotNr="14" PortTypeRefId="32"/><Port ID="46" ObjID="241" Name="Port 15 - RJ45 (X1 P15)" SlotNr="15" PortTypeRefId="32"/><Port ID="47" ObjID="242" Name="Port 16 - RJ45 (X1 P16)" SlotNr="16" PortTypeRefId="32"/></Interface><GraphLayout XPos="-191" YPos="-122" IsExpanded="1"/></Device><Device ID="48" Name="mop-kp8f" ObjID="263" IP="172.25.214.4" DeviceTypeRefId="49" MLFB="6AV3688-3AF37-0AX0" IsSharedDevice="1" PrimaryAssignment="1" RTClass3Type="RT" SupportRTClass3="1" Station="API" DeviceID="2753537" SubsystemID="100" DeviceNo="4" SubnetRefId="13" PNControllerRefId="20"><Interface ID="50" Name="mop-kp8f" ObjID="264" InterfaceTypeRefId="51"><Port ID="52" ObjID="266" Name="Puerto 1 (X1 P1)" SlotNr="1" IsRingCapable="1" PortTypeRefId="53" IsPortAssigned="1"/><Port ID="54" ObjID="267" Name="Puerto 2 (X1 P2)" SlotNr="2" IsRingCapable="1" PortTypeRefId="53" IsPortAssigned="1"/></Interface></Device><Device ID="55" Name="D0IM1" ObjID="337" IP="172.25.214.25" DeviceTypeRefId="56" MLFB="TN197330" IsSharedDevice="1" PrimaryAssignment="1" RTClass3Type="RT" SupportRTClass3="1" Station="API" DeviceID="21823745" SubsystemID="100" DeviceNo="25" SubnetRefId="13" PNControllerRefId="20"><Interface ID="57" Name="D0IM1" ObjID="338" InterfaceTypeRefId="58"><Port ID="59" ObjID="340" Name="Port 1 (X1 TP1 R)" SlotNr="1" IsRingCapable="1" PortTypeRefId="60" IsPortAssigned="1"/><Port ID="61" ObjID="341" Name="Port 2 (X1 TP2 R)" SlotNr="2" IsRingCapable="1" PortTypeRefId="60" IsPortAssigned="1"/></Interface></Device><Device ID="62" Name="R0IM1" ObjID="202" IP="172.25.214.80" DeviceTypeRefId="63" MLFB="TN197330" IsSharedDevice="1" PrimaryAssignment="1" RTClass3Type="RT" SupportRTClass3="1" Station="API" DeviceID="21823745" SubsystemID="100" DeviceNo="80" SubnetRefId="13" PNControllerRefId="20"><Interface ID="64" Name="R0IM1" ObjID="203" InterfaceTypeRefId="65"><Port ID="66" ObjID="205" Name="Port 1 (X1 TP1 R)" SlotNr="1" IsRingCapable="1" PortTypeRefId="67" IsPortAssigned="1"/><Port ID="68" ObjID="204" Name="Port 2 (X1 TP2 R)" SlotNr="2" IsRingCapable="1" PortTypeRefId="67" IsPortAssigned="1"/></Interface><GraphLayout XPos="-21" YPos="-122" IsExpanded="1"/></Device><Device ID="69" Name="T0IM1" ObjID="189" IP="172.25.214.85" DeviceTypeRefId="70" MLFB="TN197330" IsSharedDevice="1" PrimaryAssignment="1" RTClass3Type="RT" SupportRTClass3="1" Station="API" DeviceID="21823745" SubsystemID="100" DeviceNo="85" SubnetRefId="13" PNControllerRefId="20"><Interface ID="71" Name="T0IM1" ObjID="190" InterfaceTypeRefId="72"><Port ID="73" ObjID="192" Name="Port 1 (X1 TP1 R)" SlotNr="1" IsRingCapable="1" PortTypeRefId="74" IsPortAssigned="1"/><Port ID="75" ObjID="191" Name="Port 2 (X1 TP2 R)" SlotNr="2" IsRingCapable="1" PortTypeRefId="74" IsPortAssigned="1"/></Interface><GraphLayout XPos="55" YPos="-54" IsExpanded="1"/></Device><Device ID="76" Name="N0IM1" ObjID="176" IP="172.25.214.70" DeviceTypeRefId="77" MLFB="TN197330" IsSharedDevice="1" PrimaryAssignment="1" RTClass3Type="RT" SupportRTClass3="1" Station="API" DeviceID="21823745" SubsystemID="100" DeviceNo="70" SubnetRefId="13" PNControllerRefId="20"><Interface ID="78" Name="N0IM1" ObjID="177" InterfaceTypeRefId="79"><Port ID="80" ObjID="179" Name="Port 1 (X1 TP1 R)" SlotNr="1" IsRingCapable="1" PortTypeRefId="81" IsPortAssigned="1"/><Port ID="82" ObjID="178" Name="Port 2 (X1 TP2 R)" SlotNr="2" IsRingCapable="1" PortTypeRefId="81" IsPortAssigned="1"/></Interface><GraphLayout XPos="61" YPos="-122" IsExpanded="1"/></Device><Device ID="83" Name="M0IM1" ObjID="163" IP="172.25.214.65" DeviceTypeRefId="84" MLFB="TN197330" IsSharedDevice="1" PrimaryAssignment="1" RTClass3Type="RT" SupportRTClass3="1" Station="API" DeviceID="21823745" SubsystemID="100" DeviceNo="65" SubnetRefId="13" PNControllerRefId="20"><Interface ID="85" Name="M0IM1" ObjID="164" InterfaceTypeRefId="86"><Port ID="87" ObjID="166" Name="Port 1 (X1 TP1 R)" SlotNr="1" IsRingCapable="1" PortTypeRefId="88" IsPortAssigned="1"/><Port ID="89" ObjID="165" Name="Port 2 (X1 TP2 R)" SlotNr="2" IsRingCapable="1" PortTypeRefId="88" IsPortAssigned="1"/></Interface><GraphLayout XPos="-191" YPos="-156" IsExpanded="1"/></Device><Device ID="90" Name="L0IM1" ObjID="147" IP="172.25.214.60" DeviceTypeRefId="91" MLFB="TN197330" IsSharedDevice="1" PrimaryAssignment="1" RTClass3Type="RT" SupportRTClass3="1" Station="API" DeviceID="21823745" SubsystemID="100" DeviceNo="60" SubnetRefId="13" PNControllerRefId="20"><Interface ID="92" Name="L0IM1" ObjID="148" InterfaceTypeRefId="93"><Port ID="94" ObjID="150" Name="Port 1 (X1 TP1 R)" SlotNr="1" IsRingCapable="1" PortTypeRefId="95" IsPortAssigned="1"/><Port ID="96" ObjID="149" Name="Port 2 (X1 TP2 R)" SlotNr="2" IsRingCapable="1" PortTypeRefId="95" IsPortAssigned="1"/></Interface><GraphLayout XPos="-27" YPos="-54" IsExpanded="1"/></Device><Device ID="97" Name="Z1ZB" ObjID="1" IP="172.25.214.6" DeviceTypeRefId="98" MLFB="6ES7151-3BA23-0AB0" IsSharedDevice="1" PrimaryAssignment="1" RTClass3Type="RT" SupportRTClass3="1" Station="API" DeviceID="2753281" SubsystemID="100" DeviceNo="6" SubnetRefId="13" PNControllerRefId="20"><Interface ID="99" Name="Z1ZB" ObjID="2" InterfaceTypeRefId="100"><Port ID="101" ObjID="2" Name="Puerto 1 (X1 P1 R)" SlotNr="1" IsRingCapable="1" PortTypeRefId="102" IsPortAssigned="1"/><Port ID="103" ObjID="1" Name="Puerto 2 (X1 P2 R)" SlotNr="2" IsRingCapable="1" PortTypeRefId="102" IsPortAssigned="1"/></Interface><GraphLayout XPos="-109" YPos="-88" IsExpanded="1"/></Device><Device ID="104" Name="Z1SW" ObjID="3" IP="172.25.214.5" DeviceTypeRefId="28" MLFB="6GK5208-0BA10-2AA3" Station="API" DeviceID="2755073" SubsystemID="100" DeviceNo="5" SubnetRefId="13" PNControllerRefId="20"><Interface ID="105" Name="Z1SW" ObjID="243" InterfaceTypeRefId="30"><Port ID="106" ObjID="244" Name="Port 1 - RJ45 (X1 P1)" SlotNr="1" IsRingCapable="1" PortTypeRefId="32"/><Port ID="107" ObjID="245" Name="Port 2 - RJ45 (X1 P2)" SlotNr="2" IsRingCapable="1" PortTypeRefId="32"/><Port ID="108" ObjID="246" Name="Port 3 - RJ45 (X1 P3)" SlotNr="3" IsRingCapable="1" PortTypeRefId="32"/><Port ID="109" ObjID="247" Name="Port 4 - RJ45 (X1 P4)" SlotNr="4" IsRingCapable="1" PortTypeRefId="32"/><Port ID="110" ObjID="248" Name="Port 5 - RJ45 (X1 P5)" SlotNr="5" IsRingCapable="1" PortTypeRefId="32"/><Port ID="111" ObjID="249" Name="Port 6 - RJ45 (X1 P6)" SlotNr="6" IsRingCapable="1" PortTypeRefId="32"/><Port ID="112" ObjID="250" Name="Port 7 - RJ45 (X1 P7)" SlotNr="7" IsRingCapable="1" PortTypeRefId="32"/><Port ID="113" ObjID="251" Name="Port 8 - RJ45 (X1 P8)" SlotNr="8" IsRingCapable="1" PortTypeRefId="32"/></Interface><GraphLayout XPos="-27" YPos="-88" IsExpanded="1"/></Device><Device ID="114" Name="J0IM1" ObjID="132" IP="172.25.214.50" DeviceTypeRefId="115" MLFB="TN197330" IsSharedDevice="1" PrimaryAssignment="1" RTClass3Type="RT" SupportRTClass3="1" Station="API" DeviceID="21823745" SubsystemID="100" DeviceNo="50" SubnetRefId="13" PNControllerRefId="20"><Interface ID="116" Name="J0IM1" ObjID="133" InterfaceTypeRefId="117"><Port ID="118" ObjID="135" Name="Port 1 (X1 TP1 R)" SlotNr="1" IsRingCapable="1" PortTypeRefId="119" IsPortAssigned="1"/><Port ID="120" ObjID="134" Name="Port 2 (X1 TP2 R)" SlotNr="2" IsRingCapable="1" PortTypeRefId="119" IsPortAssigned="1"/></Interface><GraphLayout XPos="-109" YPos="-54" IsExpanded="1"/></Device><Device ID="121" Name="E0IM1" ObjID="116" IP="172.25.214.30" DeviceTypeRefId="122" MLFB="TN197330" IsSharedDevice="1" PrimaryAssignment="1" RTClass3Type="RT" SupportRTClass3="1" Station="API" DeviceID="21823745" SubsystemID="100" DeviceNo="30" SubnetRefId="13" PNControllerRefId="20"><Interface ID="123" Name="E0IM1" ObjID="117" InterfaceTypeRefId="124"><Port ID="125" ObjID="119" Name="Port 1 (X1 TP1 R)" SlotNr="1" IsRingCapable="1" PortTypeRefId="126" IsPortAssigned="1"/><Port ID="127" ObjID="118" Name="Port 2 (X1 TP2 R)" SlotNr="2" IsRingCapable="1" PortTypeRefId="126" IsPortAssigned="1"/></Interface><GraphLayout XPos="-109" YPos="-156" IsExpanded="1"/></Device><Device ID="128" Name="C0IM1" ObjID="101" IP="172.25.214.20" DeviceTypeRefId="129" MLFB="TN197330" IsSharedDevice="1" PrimaryAssignment="1" RTClass3Type="RT" SupportRTClass3="1" Station="API" DeviceID="21823745" SubsystemID="100" DeviceNo="20" SubnetRefId="13" PNControllerRefId="20"><Interface ID="130" Name="C0IM1" ObjID="102" InterfaceTypeRefId="131"><Port ID="132" ObjID="104" Name="Port 1 (X1 TP1 R)" SlotNr="1" IsRingCapable="1" PortTypeRefId="133" IsPortAssigned="1"/><Port ID="134" ObjID="103" Name="Port 2 (X1 TP2 R)" SlotNr="2" IsRingCapable="1" PortTypeRefId="133" IsPortAssigned="1"/></Interface><GraphLayout XPos="-191" YPos="-54" IsExpanded="1"/></Device><Device ID="135" Name="B0IM1" ObjID="86" IP="172.25.214.15" DeviceTypeRefId="136" MLFB="TN197330" IsSharedDevice="1" PrimaryAssignment="1" RTClass3Type="RT" SupportRTClass3="1" Station="API" DeviceID="21823745" SubsystemID="100" DeviceNo="15" SubnetRefId="13" PNControllerRefId="20"><Interface ID="137" Name="B0IM1" ObjID="87" InterfaceTypeRefId="138"><Port ID="139" ObjID="89" Name="Port 1 (X1 TP1 R)" SlotNr="1" IsRingCapable="1" PortTypeRefId="140" IsPortAssigned="1"/><Port ID="141" ObjID="88" Name="Port 2 (X1 TP2 R)" SlotNr="2" IsRingCapable="1" PortTypeRefId="140" IsPortAssigned="1"/></Interface><GraphLayout XPos="-27" YPos="-156" IsExpanded="1"/></Device><Device ID="142" Name="A0IM1" ObjID="74" IP="172.25.214.10" DeviceTypeRefId="143" MLFB="TN197330" IsSharedDevice="1" PrimaryAssignment="1" RTClass3Type="RT" SupportRTClass3="1" Station="API" DeviceID="21823745" SubsystemID="100" DeviceNo="10" SubnetRefId="13" PNControllerRefId="20"><Interface ID="144" Name="A0IM1" ObjID="75" InterfaceTypeRefId="145"><Port ID="146" ObjID="77" Name="Port 1 (X1 TP1 R)" SlotNr="1" IsRingCapable="1" PortTypeRefId="147" IsPortAssigned="1"/><Port ID="148" ObjID="76" Name="Port 2 (X1 TP2 R)" SlotNr="2" IsRingCapable="1" PortTypeRefId="147" IsPortAssigned="1"/></Interface></Device><Device ID="149" Name="F0IM1" ObjID="62" IP="172.25.214.35" DeviceTypeRefId="150" MLFB="TN197330" IsSharedDevice="1" PrimaryAssignment="1" RTClass3Type="RT" SupportRTClass3="1" Station="API" DeviceID="21823745" SubsystemID="100" DeviceNo="35" SubnetRefId="13" PNControllerRefId="20"><Interface ID="151" Name="F0IM1" ObjID="63" InterfaceTypeRefId="152"><Port ID="153" ObjID="65" Name="Port 1 (X1 TP1 R)" SlotNr="1" IsRingCapable="1" PortTypeRefId="154" IsPortAssigned="1"/><Port ID="155" ObjID="64" Name="Port 2 (X1 TP2 R)" SlotNr="2" IsRingCapable="1" PortTypeRefId="154" IsPortAssigned="1"/></Interface></Device><Device ID="156" Name="G0IM1" ObjID="49" IP="172.25.214.40" DeviceTypeRefId="157" MLFB="TN197330" IsSharedDevice="1" PrimaryAssignment="1" RTClass3Type="RT" SupportRTClass3="1" Station="API" DeviceID="21823745" SubsystemID="100" DeviceNo="40" SubnetRefId="13" PNControllerRefId="20"><Interface ID="158" Name="G0IM1" ObjID="50" InterfaceTypeRefId="159"><Port ID="160" ObjID="52" Name="Port 1 (X1 TP1 R)" SlotNr="1" IsRingCapable="1" PortTypeRefId="161" IsPortAssigned="1"/><Port ID="162" ObjID="51" Name="Port 2 (X1 TP2 R)" SlotNr="2" IsRingCapable="1" PortTypeRefId="161" IsPortAssigned="1"/></Interface></Device><Device ID="163" Name="K0IM1" ObjID="381" IP="172.25.214.55" DeviceTypeRefId="164" MLFB="TN197330" IsSharedDevice="1" PrimaryAssignment="1" RTClass3Type="RT" SupportRTClass3="1" Station="API" DeviceID="21823745" SubsystemID="100" DeviceNo="55" SubnetRefId="13" PNControllerRefId="20"><Interface ID="165" Name="K0IM1" ObjID="382" InterfaceTypeRefId="166"><Port ID="167" ObjID="384" Name="Port 1 (X1 TP1 R)" SlotNr="1" IsRingCapable="1" PortTypeRefId="168" IsPortAssigned="1"/><Port ID="169" ObjID="383" Name="Port 2 (X1 TP2 R)" SlotNr="2" IsRingCapable="1" PortTypeRefId="168" IsPortAssigned="1"/></Interface></Device><Device ID="170" Name="P0IM1" ObjID="359" IP="172.25.214.75" DeviceTypeRefId="171" MLFB="TN197330" IsSharedDevice="1" PrimaryAssignment="1" RTClass3Type="RT" SupportRTClass3="1" Station="API" DeviceID="21823745" SubsystemID="100" DeviceNo="75" SubnetRefId="13" PNControllerRefId="20"><Interface ID="172" Name="P0IM1" ObjID="360" InterfaceTypeRefId="173"><Port ID="174" ObjID="362" Name="Port 1 (X1 TP1 R)" SlotNr="1" IsRingCapable="1" PortTypeRefId="175" IsPortAssigned="1"/><Port ID="176" ObjID="363" Name="Port 2 (X1 TP2 R)" SlotNr="2" IsRingCapable="1" PortTypeRefId="175" IsPortAssigned="1"/></Interface></Device><Device ID="177" Name="H0IM1" ObjID="13" IP="172.25.214.45" DeviceTypeRefId="178" MLFB="TN197330" IsSharedDevice="1" PrimaryAssignment="1" RTClass3Type="RT" SupportRTClass3="1" Station="API" DeviceID="21823745" SubsystemID="100" DeviceNo="45" SubnetRefId="13" PNControllerRefId="20"><Interface ID="179" Name="H0IM1" ObjID="14" InterfaceTypeRefId="180"><Port ID="181" ObjID="16" Name="Port 1 (X1 TP1 R)" SlotNr="1" IsRingCapable="1" PortTypeRefId="182" IsPortAssigned="1"/><Port ID="183" ObjID="15" Name="Port 2 (X1 TP2 R)" SlotNr="2" IsRingCapable="1" PortTypeRefId="182" IsPortAssigned="1"/></Interface></Device><Device ID="184" Name="V0IM1" ObjID="370" IP="172.25.214.90" DeviceTypeRefId="185" MLFB="TN197330" IsSharedDevice="1" PrimaryAssignment="1" RTClass3Type="RT" SupportRTClass3="1" Station="API" DeviceID="21823745" SubsystemID="100" DeviceNo="90" SubnetRefId="13" PNControllerRefId="20"><Interface ID="186" Name="V0IM1" ObjID="371" InterfaceTypeRefId="187"><Port ID="188" ObjID="373" Name="Port 1 (X1 TP1 R)" SlotNr="1" IsRingCapable="1" PortTypeRefId="189" IsPortAssigned="1"/><Port ID="190" ObjID="374" Name="Port 2 (X1 TP2 R)" SlotNr="2" IsRingCapable="1" PortTypeRefId="189" IsPortAssigned="1"/></Interface></Device></UsedDevicesStep7><UserSettings><GraphLayout InitialPosLeft="-196" InitialPosRight="148" InitialPosTop="-196" InitialPosBottom="40" SliderPos="37"/><WindowSettings ShowDeltaList="1" ShowCatalogList="1" InOnlineMode="1" SortedColumn="0" WndPosSize="344;44;900;668" TableFilter="0" ShowStationName="1" Unit="m" SelectionIDs="100;"/><WallpaperList/><GroupList/><OptionsSettings MiniatureAndCatalogView="1" StationsAndModuleView="0" NodesListView="1"/></UserSettings></Project></TopologieFile>
