<TopologieFile Version="V5.5 + SP2" NextFreeID="192"><WiringTypes><WiringType ID="1" Class="0" Name="Cobre"/></WiringTypes><Project ID="2" Name="CDCX52_Cordoba" ProjPath="C:\Step7prj\CDCX52_Cordoba" EnvID="145" EnvType="1122305"><AvailableSubnetsStep7><Subnet ID="3" Name="Pilotage N2"/><Subnet ID="13" Name="Profinet"/></AvailableSubnetsStep7><AvailableDeviceTypesStep7><DeviceType ID="5" ObjType="2367507" Name="CP 343-1 Lean" Webable="1"><InterfaceType ID="9" ObjType="2367506"><PortType ID="11" ObjType="2367508" WiringTypeRefId="1"/></InterfaceType></DeviceType><DeviceType ID="7" ObjType="1314969"><GraphLayout BitMapPath="SIMATIC300.bmp"/></DeviceType><DeviceType ID="15" ObjType="1316803" Name="CPX" Webable="1"><GraphLayout BitMapPath="C:\Program Files\Siemens\Step7\S7data\Nsbmp\GSDML-014D-0101-CPX.bmp"/><InterfaceType ID="17" ObjType="1316804"><PortType ID="19" ObjType="1316846" WiringTypeRefId="1"/></InterfaceType></DeviceType><DeviceType ID="22" ObjType="1316803" Name="CPX" Webable="1"><GraphLayout BitMapPath="C:\Program Files\Siemens\Step7\S7data\Nsbmp\GSDML-014D-0101-CPX.bmp"/><InterfaceType ID="24" ObjType="1316804"><PortType ID="26" ObjType="1316846" WiringTypeRefId="1"/></InterfaceType></DeviceType><DeviceType ID="29" ObjType="1316803" Name="CPX" Webable="1"><GraphLayout BitMapPath="C:\Program Files\Siemens\Step7\S7data\Nsbmp\GSDML-014D-0101-CPX.bmp"/><InterfaceType ID="31" ObjType="1316804"><PortType ID="33" ObjType="1316846" WiringTypeRefId="1"/></InterfaceType></DeviceType><DeviceType ID="36" ObjType="1316803" Name="CPX" Webable="1"><GraphLayout BitMapPath="C:\Program Files\Siemens\Step7\S7data\Nsbmp\GSDML-014D-0101-CPX.bmp"/><InterfaceType ID="38" ObjType="1316804"><PortType ID="40" ObjType="1316846" WiringTypeRefId="1"/></InterfaceType></DeviceType><DeviceType ID="43" ObjType="2364207" Name="IM151-3PN" Webable="1"><GraphLayout BitMapPath="C:\Program Files\Siemens\Step7\S7data\Nsbmp\ET200S1N.BMP"/><InterfaceType ID="45" ObjType="2364208"><PortType ID="47" ObjType="2364210" WiringTypeRefId="1"/><PortType ID="49" ObjType="2364211" WiringTypeRefId="1"/></InterfaceType></DeviceType><DeviceType ID="51" ObjType="2367561" Name="SCALANCE-X208" Webable="1"><GraphLayout BitMapPath="C:\Program Files\Siemens\Step7\S7data\Nsbmp\GSDML_002A_SCALANCEX208.bmp"/><InterfaceType ID="53" ObjType="1316804"><PortType ID="55" ObjType="1316846" WiringTypeRefId="1"/></InterfaceType></DeviceType><DeviceType ID="64" ObjType="2364467" Name="IM151-3PN" Webable="1"><GraphLayout BitMapPath="C:\Program Files\Siemens\Step7\S7data\Nsbmp\ET200S1N.BMP"/><InterfaceType ID="66" ObjType="2364468"><PortType ID="68" ObjType="2364470" WiringTypeRefId="1"/></InterfaceType></DeviceType><DeviceType ID="89" ObjType="2364818" Name="CPU 319F-3 PN/DP" Webable="1"><InterfaceType ID="91" ObjType="2364815"><PortType ID="93" ObjType="2364819" WiringTypeRefId="1"/></InterfaceType></DeviceType><DeviceType ID="96" ObjType="1335471" Name="IE General" Webable="1"/><DeviceType ID="98" ObjType="1315651"><GraphLayout BitMapPath="PC.bmp"/><InterfaceType ID="191" ObjType="1335378"/></DeviceType><DeviceType ID="102" ObjType="2367010" Name="IM154-4PN" Webable="1"><GraphLayout BitMapPath="C:\Program Files\Siemens\Step7\S7data\Nsbmp\ET200pro_f.BMP"/><InterfaceType ID="104" ObjType="2367014"><PortType ID="106" ObjType="2367016" WiringTypeRefId="1"/><PortType ID="108" ObjType="2367017" WiringTypeRefId="1"/></InterfaceType></DeviceType><DeviceType ID="114" ObjType="2364362" Name="IM151-3PN" Webable="1"><GraphLayout BitMapPath="C:\Program Files\Siemens\Step7\S7data\Nsbmp\ET200S1N.BMP"/><InterfaceType ID="116" ObjType="2364363"><PortType ID="118" ObjType="2364365" WiringTypeRefId="1"/></InterfaceType></DeviceType><DeviceType ID="149" ObjType="1316803" Name="CPX" Webable="1"><GraphLayout BitMapPath="C:\Program Files\Siemens\Step7\S7data\Nsbmp\GSDML-014D-0101-CPX.bmp"/><InterfaceType ID="151" ObjType="1316804"><PortType ID="153" ObjType="1316846" WiringTypeRefId="1"/></InterfaceType></DeviceType><DeviceType ID="156" ObjType="1316803" Name="CPX" Webable="1"><GraphLayout BitMapPath="C:\Program Files\Siemens\Step7\S7data\Nsbmp\GSDML-014D-0101-CPX.bmp"/><InterfaceType ID="158" ObjType="1316804"><PortType ID="160" ObjType="1316846" WiringTypeRefId="1"/></InterfaceType></DeviceType><DeviceType ID="163" ObjType="1316803" Name="CPX" Webable="1"><GraphLayout BitMapPath="C:\Program Files\Siemens\Step7\S7data\Nsbmp\GSDML-014D-0101-CPX.bmp"/><InterfaceType ID="165" ObjType="1316804"><PortType ID="167" ObjType="1316846" WiringTypeRefId="1"/></InterfaceType></DeviceType><DeviceType ID="170" ObjType="1316803" Name="CPX" Webable="1"><GraphLayout BitMapPath="C:\Program Files\Siemens\Step7\S7data\Nsbmp\GSDML-014D-0101-CPX.bmp"/><InterfaceType ID="172" ObjType="1316804"><PortType ID="174" ObjType="1316846" WiringTypeRefId="1"/></InterfaceType></DeviceType><DeviceType ID="177" ObjType="1316803" Name="CPX" Webable="1"><GraphLayout BitMapPath="C:\Program Files\Siemens\Step7\S7data\Nsbmp\GSDML-014D-0101-CPX.bmp"/><InterfaceType ID="179" ObjType="1316804"><PortType ID="181" ObjType="1316846" WiringTypeRefId="1"/></InterfaceType></DeviceType><DeviceType ID="184" ObjType="1316803" Name="CPX" Webable="1"><GraphLayout BitMapPath="C:\Program Files\Siemens\Step7\S7data\Nsbmp\GSDML-014D-0101-CPX.bmp"/><InterfaceType ID="186" ObjType="1316804"><PortType ID="188" ObjType="1316846" WiringTypeRefId="1"/></InterfaceType></DeviceType></AvailableDeviceTypesStep7><UsedDevicesStep7><Device ID="4" Name="PilotageN2(Pilotage N2)" DiagHeader="1" ObjID="2" IP="10.215.160.43" DeviceTypeRefId="5" MLFB="6GK7343-1CX10-0XE0" StationRefId="6" StationPos="4" Station="API" DeviceID="2753027" DeviceNo="0" SubnetRefId="3" IsInterface="1"><Interface ID="8" Name="Pilotage N2" ObjID="1" InterfaceTypeRefId="9"><Port ID="10" ObjID="242" Name="Port 1 (X1 P1 R)" SlotNr="1" IsRingCapable="1" PortTypeRefId="11"/><Port ID="12" ObjID="241" Name="Port 2 (X1 P2 R)" SlotNr="2" IsRingCapable="1" PortTypeRefId="11"/></Interface></Device><Device ID="6" ObjID="4" Name="API" DeviceTypeRefId="7"/><Device ID="14" Name="C02IM3" ObjID="755" IP="172.25.214.191" DeviceTypeRefId="15" MLFB="TN197330" IsSharedDevice="1" PrimaryAssignment="1" RTClass3Type="RT" SupportRTClass3="1" Station="API" DeviceID="21823745" SubsystemID="100" DeviceNo="191" SubnetRefId="13" PNControllerRefId="88"><Interface ID="16" Name="C02IM3" ObjID="756" InterfaceTypeRefId="17"><Port ID="18" ObjID="758" Name="Port 1 (X1 TP1 R)" SlotNr="1" IsRingCapable="1" PortTypeRefId="19" IsPortAssigned="1"/><Port ID="20" ObjID="759" Name="Port 2 (X1 TP2 R)" SlotNr="2" IsRingCapable="1" PortTypeRefId="19" IsPortAssigned="1"/></Interface></Device><Device ID="21" Name="C02IM2" ObjID="735" IP="172.25.214.190" DeviceTypeRefId="22" MLFB="TN197330" IsSharedDevice="1" PrimaryAssignment="1" RTClass3Type="RT" SupportRTClass3="1" Station="API" DeviceID="21823745" SubsystemID="100" DeviceNo="190" SubnetRefId="13" PNControllerRefId="88"><Interface ID="23" Name="C02IM2" ObjID="736" InterfaceTypeRefId="24"><Port ID="25" ObjID="738" Name="Port 1 (X1 TP1 R)" SlotNr="1" IsRingCapable="1" PortTypeRefId="26" IsPortAssigned="1"/><Port ID="27" ObjID="739" Name="Port 2 (X1 TP2 R)" SlotNr="2" IsRingCapable="1" PortTypeRefId="26" IsPortAssigned="1"/></Interface></Device><Device ID="28" Name="A01IM3" ObjID="687" IP="172.25.214.111" DeviceTypeRefId="29" MLFB="TN197330" IsSharedDevice="1" PrimaryAssignment="1" RTClass3Type="RT" SupportRTClass3="1" Station="API" DeviceID="21823745" SubsystemID="100" DeviceNo="111" SubnetRefId="13" PNControllerRefId="88"><Interface ID="30" Name="A01IM3" ObjID="688" InterfaceTypeRefId="31"><Port ID="32" ObjID="690" Name="Port 1 (X1 TP1 R)" SlotNr="1" IsRingCapable="1" PortTypeRefId="33" IsPortAssigned="1"/><Port ID="34" ObjID="691" Name="Port 2 (X1 TP2 R)" SlotNr="2" IsRingCapable="1" PortTypeRefId="33" IsPortAssigned="1"/></Interface></Device><Device ID="35" Name="A01IM2" ObjID="677" IP="172.25.214.110" DeviceTypeRefId="36" MLFB="TN197330" IsSharedDevice="1" PrimaryAssignment="1" RTClass3Type="RT" SupportRTClass3="1" Station="API" DeviceID="21823745" SubsystemID="100" DeviceNo="110" SubnetRefId="13" PNControllerRefId="88"><Interface ID="37" Name="A01IM2" ObjID="678" InterfaceTypeRefId="38"><Port ID="39" ObjID="680" Name="Port 1 (X1 TP1 R)" SlotNr="1" IsRingCapable="1" PortTypeRefId="40" IsPortAssigned="1"/><Port ID="41" ObjID="681" Name="Port 2 (X1 TP2 R)" SlotNr="2" IsRingCapable="1" PortTypeRefId="40" IsPortAssigned="1"/></Interface></Device><Device ID="42" Name="Z1ZB" ObjID="84" IP="172.25.214.10" DeviceTypeRefId="43" MLFB="6ES7151-3BA22-0AB0" Station="API" DeviceID="2753281" SubsystemID="100" DeviceNo="10" SubnetRefId="13" PNControllerRefId="88"><Interface ID="44" Name="Z1ZB" ObjID="85" InterfaceTypeRefId="45"><Port ID="46" ObjID="87" Name="Port 1 (X1 P1)" SlotNr="1" PortTypeRefId="47"/><Port ID="48" ObjID="88" Name="Port 2 (X1 P2)" SlotNr="2" PortTypeRefId="49"/></Interface></Device><Device ID="50" Name="Z1SW" ObjID="1" IP="172.25.214.11" DeviceTypeRefId="51" MLFB="6GK5208-0BA10-2AA3" Station="API" DeviceID="2755073" SubsystemID="100" DeviceNo="11" SubnetRefId="13" PNControllerRefId="88"><Interface ID="52" Name="Z1SW" ObjID="215" InterfaceTypeRefId="53"><Port ID="54" ObjID="223" Name="Port 1 - RJ45 (X1 P1)" SlotNr="1" IsRingCapable="1" PortTypeRefId="55"/><Port ID="56" ObjID="222" Name="Port 2 - RJ45 (X1 P2)" SlotNr="2" IsRingCapable="1" PortTypeRefId="55"/><Port ID="57" ObjID="221" Name="Port 3 - RJ45 (X1 P3)" SlotNr="3" IsRingCapable="1" PortTypeRefId="55"/><Port ID="58" ObjID="220" Name="Port 4 - RJ45 (X1 P4)" SlotNr="4" IsRingCapable="1" PortTypeRefId="55"/><Port ID="59" ObjID="219" Name="Port 5 - RJ45 (X1 P5)" SlotNr="5" IsRingCapable="1" PortTypeRefId="55"/><Port ID="60" ObjID="218" Name="Port 6 - RJ45 (X1 P6)" SlotNr="6" IsRingCapable="1" PortTypeRefId="55"/><Port ID="61" ObjID="217" Name="Port 7 - RJ45 (X1 P7)" SlotNr="7" IsRingCapable="1" PortTypeRefId="55"/><Port ID="62" ObjID="216" Name="Port 8 - RJ45 (X1 P8)" SlotNr="8" IsRingCapable="1" PortTypeRefId="55"/></Interface></Device><Device ID="63" Name="MOP-IM" ObjID="1" IP="172.25.214.3" DeviceTypeRefId="64" MLFB="6ES7151-3AA23-0AB0" RTClass3Type="RT" SupportRTClass3="1" Station="API" DeviceID="2753281" SubsystemID="100" DeviceNo="3" SubnetRefId="13" PNControllerRefId="88"><Interface ID="65" Name="MOP-IM" ObjID="2" InterfaceTypeRefId="66"><Port ID="67" ObjID="2" Name="Port 1 (X1 P1)" SlotNr="1" PortTypeRefId="68"/><Port ID="69" ObjID="1" Name="Port 2 (X1 P2)" SlotNr="2" PortTypeRefId="68"/></Interface></Device><Device ID="70" Name="MOP-SW" ObjID="3" IP="172.25.214.2" DeviceTypeRefId="51" MLFB="6GK5216-0BA00-2AA3" Station="API" DeviceID="2755073" SubsystemID="100" DeviceNo="2" SubnetRefId="13" PNControllerRefId="88"><Interface ID="71" Name="MOP-SW" ObjID="224" InterfaceTypeRefId="53"><Port ID="72" ObjID="240" Name="Port 1 - RJ45 (X1 P1)" SlotNr="1" IsRingCapable="1" PortTypeRefId="55"/><Port ID="73" ObjID="239" Name="Port 2 - RJ45 (X1 P2)" SlotNr="2" IsRingCapable="1" PortTypeRefId="55"/><Port ID="74" ObjID="238" Name="Port 3 - RJ45 (X1 P3)" SlotNr="3" IsRingCapable="1" PortTypeRefId="55"/><Port ID="75" ObjID="237" Name="Port 4 - RJ45 (X1 P4)" SlotNr="4" IsRingCapable="1" PortTypeRefId="55"/><Port ID="76" ObjID="236" Name="Port 5 - RJ45 (X1 P5)" SlotNr="5" IsRingCapable="1" PortTypeRefId="55"/><Port ID="77" ObjID="235" Name="Port 6 - RJ45 (X1 P6)" SlotNr="6" IsRingCapable="1" PortTypeRefId="55"/><Port ID="78" ObjID="234" Name="Port 7 - RJ45 (X1 P7)" SlotNr="7" IsRingCapable="1" PortTypeRefId="55"/><Port ID="79" ObjID="233" Name="Port 8 - RJ45 (X1 P8)" SlotNr="8" IsRingCapable="1" PortTypeRefId="55"/><Port ID="80" ObjID="232" Name="Port 9 - RJ45 (X1 P9)" SlotNr="9" PortTypeRefId="55"/><Port ID="81" ObjID="231" Name="Port 10 - RJ45 (X1 P10)" SlotNr="10" PortTypeRefId="55"/><Port ID="82" ObjID="230" Name="Port 11 - RJ45 (X1 P11)" SlotNr="11" PortTypeRefId="55"/><Port ID="83" ObjID="229" Name="Port 12 - RJ45 (X1 P12)" SlotNr="12" PortTypeRefId="55"/><Port ID="84" ObjID="228" Name="Port 13 - RJ45 (X1 P13)" SlotNr="13" PortTypeRefId="55"/><Port ID="85" ObjID="227" Name="Port 14 - RJ45 (X1 P14)" SlotNr="14" PortTypeRefId="55"/><Port ID="86" ObjID="226" Name="Port 15 - RJ45 (X1 P15)" SlotNr="15" PortTypeRefId="55"/><Port ID="87" ObjID="225" Name="Port 16 - RJ45 (X1 P16)" SlotNr="16" PortTypeRefId="55"/></Interface></Device><Device ID="88" Name="PN-IO(CPU)" DiagHeader="1" ObjID="45" IP="172.25.214.1" DeviceTypeRefId="89" MLFB="6ES7318-3FL01-0AB0" RTClass3Type="RT" SupportRTClass3="1" StationRefId="6" StationPos="2" Station="API" DeviceID="2752769" PNControllerRefId="88" DeviceNo="0" SubnetRefId="13" IsInterface="1"><Interface ID="90" Name="CPU" ObjID="1" InterfaceTypeRefId="91"><Port ID="92" ObjID="243" Name="Port 1 (X3 P1 R)" SlotNr="1" IsRingCapable="1" PortTypeRefId="93"/><Port ID="94" ObjID="244" Name="Port 2 (X3 P2 R)" SlotNr="2" IsRingCapable="1" PortTypeRefId="93"/></Interface></Device><Device ID="95" Name="General-IE" IP="172.25.212.2" ObjID="1" DeviceTypeRefId="96" MLFB="IE_CP" StationRefId="97" StationPos="1" Station="MOP" DeviceID="2753026" SubnetRefId="13"><Interface ID="99"><Port ID="100" Name="Puerto estándar" WiringTypeRefId="1"/></Interface></Device><Device ID="97" ObjID="1" Name="MOP" DeviceTypeRefId="98"><Interface ID="190" ObjID="2" Name="Gestionnaire de station" InterfaceTypeRefId="191" ODString="00146052, 00000002, 00000000, 00000000, 00112001, 00000091, 00000000"/></Device><Device ID="101" Name="B01IM1" ObjID="26" IP="172.25.214.120" DeviceTypeRefId="102" MLFB="6ES7154-4AB10-0AB0" Station="API" DeviceID="2753285" SubsystemID="100" DeviceNo="120" SubnetRefId="13" PNControllerRefId="88"><Interface ID="103" Name="B01IM1" ObjID="27" InterfaceTypeRefId="104"><Port ID="105" ObjID="29" Name="Port 1 (X2 P1)" SlotNr="1" PortTypeRefId="106"/><Port ID="107" ObjID="30" Name="Port 2 (X2 P2)" SlotNr="2" PortTypeRefId="108"/></Interface></Device><Device ID="109" Name="A01IM1" ObjID="31" IP="172.25.214.100" DeviceTypeRefId="102" MLFB="6ES7154-4AB10-0AB0" Station="API" DeviceID="2753285" SubsystemID="100" DeviceNo="100" SubnetRefId="13" PNControllerRefId="88"><Interface ID="110" Name="A01IM1" ObjID="32" InterfaceTypeRefId="104"><Port ID="111" ObjID="34" Name="Port 1 (X2 P1)" SlotNr="1" PortTypeRefId="106"/><Port ID="112" ObjID="33" Name="Port 2 (X2 P2)" SlotNr="2" PortTypeRefId="108"/></Interface></Device><Device ID="113" Name="B01SB" ObjID="67" IP="172.25.214.21" DeviceTypeRefId="114" MLFB="6ES7151-3BA23-0AB0" RTClass3Type="RT" SupportRTClass3="1" Station="API" DeviceID="2753281" SubsystemID="100" DeviceNo="21" SubnetRefId="13" PNControllerRefId="88"><Interface ID="115" Name="B01SB" ObjID="68" InterfaceTypeRefId="116"><Port ID="117" ObjID="33" Name="Port 1 (X1 P1)" SlotNr="1" PortTypeRefId="118"/><Port ID="119" ObjID="32" Name="Port 2 (X1 P2)" SlotNr="2" PortTypeRefId="118"/></Interface></Device><Device ID="120" Name="A01SB" ObjID="70" IP="172.25.214.20" DeviceTypeRefId="43" MLFB="6ES7151-3BA22-0AB0" Station="API" DeviceID="2753281" SubsystemID="100" DeviceNo="20" SubnetRefId="13" PNControllerRefId="88"><Interface ID="121" Name="A01SB" ObjID="71" InterfaceTypeRefId="45"><Port ID="122" ObjID="73" Name="Port 1 (X1 P1)" SlotNr="1" PortTypeRefId="47"/><Port ID="123" ObjID="74" Name="Port 2 (X1 P2)" SlotNr="2" PortTypeRefId="49"/></Interface></Device><Device ID="124" Name="B02IM1" ObjID="36" IP="172.25.214.160" DeviceTypeRefId="102" MLFB="6ES7154-4AB10-0AB0" Station="API" DeviceID="2753285" SubsystemID="100" DeviceNo="160" SubnetRefId="13" PNControllerRefId="88"><Interface ID="125" Name="B02IM1" ObjID="37" InterfaceTypeRefId="104"><Port ID="126" ObjID="39" Name="Port 1 (X2 P1)" SlotNr="1" PortTypeRefId="106"/><Port ID="127" ObjID="40" Name="Port 2 (X2 P2)" SlotNr="2" PortTypeRefId="108"/></Interface></Device><Device ID="128" Name="B02SB" ObjID="75" IP="172.25.214.23" DeviceTypeRefId="114" MLFB="6ES7151-3BA23-0AB0" RTClass3Type="RT" SupportRTClass3="1" Station="API" DeviceID="2753281" SubsystemID="100" DeviceNo="23" SubnetRefId="13" PNControllerRefId="88"><Interface ID="129" Name="B02SB" ObjID="76" InterfaceTypeRefId="116"><Port ID="130" ObjID="35" Name="Port 1 (X1 P1)" SlotNr="1" PortTypeRefId="118"/><Port ID="131" ObjID="34" Name="Port 2 (X1 P2)" SlotNr="2" PortTypeRefId="118"/></Interface></Device><Device ID="132" Name="C01SB" ObjID="78" IP="172.25.214.22" DeviceTypeRefId="114" MLFB="6ES7151-3BA23-0AB0" RTClass3Type="RT" SupportRTClass3="1" Station="API" DeviceID="2753281" SubsystemID="100" DeviceNo="22" SubnetRefId="13" PNControllerRefId="88"><Interface ID="133" Name="C01SB" ObjID="79" InterfaceTypeRefId="116"><Port ID="134" ObjID="36" Name="Port 1 (X1 P1)" SlotNr="1" PortTypeRefId="118"/><Port ID="135" ObjID="37" Name="Port 2 (X1 P2)" SlotNr="2" PortTypeRefId="118"/></Interface></Device><Device ID="136" Name="C01IM1" ObjID="41" IP="172.25.214.140" DeviceTypeRefId="102" MLFB="6ES7154-4AB10-0AB0" Station="API" DeviceID="2753285" SubsystemID="100" DeviceNo="140" SubnetRefId="13" PNControllerRefId="88"><Interface ID="137" Name="C01IM1" ObjID="42" InterfaceTypeRefId="104"><Port ID="138" ObjID="44" Name="Port 1 (X2 P1)" SlotNr="1" PortTypeRefId="106"/><Port ID="139" ObjID="43" Name="Port 2 (X2 P2)" SlotNr="2" PortTypeRefId="108"/></Interface></Device><Device ID="140" Name="C02SB" ObjID="81" IP="172.25.214.24" DeviceTypeRefId="114" MLFB="6ES7151-3BA23-0AB0" RTClass3Type="RT" SupportRTClass3="1" Station="API" DeviceID="2753281" SubsystemID="100" DeviceNo="24" SubnetRefId="13" PNControllerRefId="88"><Interface ID="141" Name="C02SB" ObjID="82" InterfaceTypeRefId="116"><Port ID="142" ObjID="38" Name="Port 1 (X1 P1)" SlotNr="1" PortTypeRefId="118"/><Port ID="143" ObjID="39" Name="Port 2 (X1 P2)" SlotNr="2" PortTypeRefId="118"/></Interface></Device><Device ID="144" Name="C02IM1" ObjID="46" IP="172.25.214.180" DeviceTypeRefId="102" MLFB="6ES7154-4AB10-0AB0" Station="API" DeviceID="2753285" SubsystemID="100" DeviceNo="180" SubnetRefId="13" PNControllerRefId="88"><Interface ID="145" Name="C02IM1" ObjID="47" InterfaceTypeRefId="104"><Port ID="146" ObjID="49" Name="Port 1 (X2 P1)" SlotNr="1" PortTypeRefId="106"/><Port ID="147" ObjID="48" Name="Port 2 (X2 P2)" SlotNr="2" PortTypeRefId="108"/></Interface></Device><Device ID="148" Name="B01IM2" ObjID="701" IP="172.25.214.130" DeviceTypeRefId="149" MLFB="TN197330" IsSharedDevice="1" PrimaryAssignment="1" RTClass3Type="RT" SupportRTClass3="1" Station="API" DeviceID="21823745" SubsystemID="100" DeviceNo="130" SubnetRefId="13" PNControllerRefId="88"><Interface ID="150" Name="B01IM2" ObjID="702" InterfaceTypeRefId="151"><Port ID="152" ObjID="704" Name="Port 1 (X1 TP1 R)" SlotNr="1" IsRingCapable="1" PortTypeRefId="153" IsPortAssigned="1"/><Port ID="154" ObjID="705" Name="Port 2 (X1 TP2 R)" SlotNr="2" IsRingCapable="1" PortTypeRefId="153" IsPortAssigned="1"/></Interface></Device><Device ID="155" Name="B01IM3" ObjID="724" IP="172.25.214.131" DeviceTypeRefId="156" MLFB="TN197330" IsSharedDevice="1" PrimaryAssignment="1" RTClass3Type="RT" SupportRTClass3="1" Station="API" DeviceID="21823745" SubsystemID="100" DeviceNo="131" SubnetRefId="13" PNControllerRefId="88"><Interface ID="157" Name="B01IM3" ObjID="725" InterfaceTypeRefId="158"><Port ID="159" ObjID="727" Name="Port 1 (X1 TP1 R)" SlotNr="1" IsRingCapable="1" PortTypeRefId="160" IsPortAssigned="1"/><Port ID="161" ObjID="726" Name="Port 2 (X1 TP2 R)" SlotNr="2" IsRingCapable="1" PortTypeRefId="160" IsPortAssigned="1"/></Interface></Device><Device ID="162" Name="C01IM2" ObjID="767" IP="172.25.214.150" DeviceTypeRefId="163" MLFB="TN197330" IsSharedDevice="1" PrimaryAssignment="1" RTClass3Type="RT" SupportRTClass3="1" Station="API" DeviceID="21823745" SubsystemID="100" DeviceNo="150" SubnetRefId="13" PNControllerRefId="88"><Interface ID="164" Name="C01IM2" ObjID="768" InterfaceTypeRefId="165"><Port ID="166" ObjID="770" Name="Port 1 (X1 TP1 R)" SlotNr="1" IsRingCapable="1" PortTypeRefId="167" IsPortAssigned="1"/><Port ID="168" ObjID="771" Name="Port 2 (X1 TP2 R)" SlotNr="2" IsRingCapable="1" PortTypeRefId="167" IsPortAssigned="1"/></Interface></Device><Device ID="169" Name="C01IM3" ObjID="779" IP="172.25.214.151" DeviceTypeRefId="170" MLFB="TN197330" IsSharedDevice="1" PrimaryAssignment="1" RTClass3Type="RT" SupportRTClass3="1" Station="API" DeviceID="21823745" SubsystemID="100" DeviceNo="151" SubnetRefId="13" PNControllerRefId="88"><Interface ID="171" Name="C01IM3" ObjID="780" InterfaceTypeRefId="172"><Port ID="173" ObjID="782" Name="Port 1 (X1 TP1 R)" SlotNr="1" IsRingCapable="1" PortTypeRefId="174" IsPortAssigned="1"/><Port ID="175" ObjID="783" Name="Port 2 (X1 TP2 R)" SlotNr="2" IsRingCapable="1" PortTypeRefId="174" IsPortAssigned="1"/></Interface></Device><Device ID="176" Name="B02IM2" ObjID="790" IP="172.25.214.170" DeviceTypeRefId="177" MLFB="TN197330" IsSharedDevice="1" PrimaryAssignment="1" RTClass3Type="RT" SupportRTClass3="1" Station="API" DeviceID="21823745" SubsystemID="100" DeviceNo="170" SubnetRefId="13" PNControllerRefId="88"><Interface ID="178" Name="B02IM2" ObjID="798" InterfaceTypeRefId="179"><Port ID="180" ObjID="800" Name="Port 1 (X1 TP1 R)" SlotNr="1" IsRingCapable="1" PortTypeRefId="181" IsPortAssigned="1"/><Port ID="182" ObjID="799" Name="Port 2 (X1 TP2 R)" SlotNr="2" IsRingCapable="1" PortTypeRefId="181" IsPortAssigned="1"/></Interface></Device><Device ID="183" Name="B02IM3" ObjID="802" IP="172.25.214.171" DeviceTypeRefId="184" MLFB="TN197330" IsSharedDevice="1" PrimaryAssignment="1" RTClass3Type="RT" SupportRTClass3="1" Station="API" DeviceID="21823745" SubsystemID="100" DeviceNo="171" SubnetRefId="13" PNControllerRefId="88"><Interface ID="185" Name="B02IM3" ObjID="809" InterfaceTypeRefId="186"><Port ID="187" ObjID="811" Name="Port 1 (X1 TP1 R)" SlotNr="1" IsRingCapable="1" PortTypeRefId="188" IsPortAssigned="1"/><Port ID="189" ObjID="810" Name="Port 2 (X1 TP2 R)" SlotNr="2" IsRingCapable="1" PortTypeRefId="188" IsPortAssigned="1"/></Interface></Device></UsedDevicesStep7></Project></TopologieFile>
